timestamp,variant_id,hmm_states,trend_window,momo_windows,signal_weights,ensemble_weights,cov_shrinkage,cv_folds,IS_sharpe,OOS_sharpe,DSR,notes,trial_id,timestamp_utc,use_timesfm,vol_budget,folds,start,end,ann_return,ann_vol,max_dd,sharpe,sortino,calmar
2026-04-19T20:08:07.817235+00:00,taa_baseline,3.0,200.0,1|3|6|12,"{""momo_scale"": 0.06, ""regime_scale"": 0.1, ""timesfm_scale"": ""mu_ann"", ""trend_scale"": 0.06}","{""momo"": 0.2, ""regime"": 0.4, ""timesfm"": 0.2, ""trend"": 0.2}",0.70_sample_0.30_diag,5.0,,1.1066560967737566,1.0,Baseline signal ensemble. Baseline run used --no-timesfm.,,,,,,,,,,,,,
2026-04-19T20:08:07.817235+00:00,taa_no_regime,3.0,200.0,1|3|6|12,"{""momo_scale"": 0.06, ""regime_scale"": 0.1, ""timesfm_scale"": ""mu_ann"", ""trend_scale"": 0.06}","{""momo"": 0.2, ""regime"": 0.0, ""timesfm"": 0.2, ""trend"": 0.2}",0.70_sample_0.30_diag,5.0,,1.0992940319634403,1.0,Leave-one-out regime ablation.,,,,,,,,,,,,,
2026-04-19T20:08:07.817235+00:00,taa_no_trend,3.0,200.0,1|3|6|12,"{""momo_scale"": 0.06, ""regime_scale"": 0.1, ""timesfm_scale"": ""mu_ann"", ""trend_scale"": 0.06}","{""momo"": 0.2, ""regime"": 0.4, ""timesfm"": 0.2, ""trend"": 0.0}",0.70_sample_0.30_diag,5.0,,1.1450867310594457,1.0,Leave-one-out trend ablation.,,,,,,,,,,,,,
2026-04-19T20:08:07.817235+00:00,taa_no_momo,3.0,200.0,1|3|6|12,"{""momo_scale"": 0.06, ""regime_scale"": 0.1, ""timesfm_scale"": ""mu_ann"", ""trend_scale"": 0.06}","{""momo"": 0.0, ""regime"": 0.4, ""timesfm"": 0.2, ""trend"": 0.2}",0.70_sample_0.30_diag,5.0,,1.1221240554614,1.0,Leave-one-out ADM ablation.,,,,,,,,,,,,,
2026-04-19T20:08:07.817235+00:00,saa_minimum_variance,,,,,,,,,0.5621926746511999,,SAA method comparison row for minimum_variance.,,,,,,,,,,,,,
2026-04-19T20:08:07.817235+00:00,saa_mean_variance,,,,,,,,,0.5086834719137887,,SAA method comparison row for mean_variance.,,,,,,,,,,,,,
2026-04-19T20:08:07.817235+00:00,saa_maximum_diversification,,,,,,,,,0.5050454331351816,,SAA method comparison row for maximum_diversification.,,,,,,,,,,,,,
2026-04-19T20:08:07.817235+00:00,saa_inverse_vol,,,,,,,,,0.4897429265437147,,SAA method comparison row for inverse_vol.,,,,,,,,,,,,,
2026-04-19T20:08:07.817235+00:00,saa_risk_parity,,,,,,,,,0.4737136128056998,,SAA method comparison row for risk_parity.,,,,,,,,,,,,,
2026-04-19T23:01:55.633364+00:00,taa_baseline,3.0,200.0,1|3|6|12,"{""momo_scale"": 0.06, ""regime_scale"": 0.1, ""timesfm_scale"": ""mu_ann"", ""trend_scale"": 0.06}","{""momo"": 0.2, ""regime"": 0.4, ""timesfm"": 0.2, ""trend"": 0.2}",0.70_sample_0.30_diag,3.0,,2.58569888993656,1.0,Baseline signal ensemble.,,,,,,,,,,,,,
2026-04-19T23:01:55.633364+00:00,taa_no_regime,3.0,200.0,1|3|6|12,"{""momo_scale"": 0.06, ""regime_scale"": 0.1, ""timesfm_scale"": ""mu_ann"", ""trend_scale"": 0.06}","{""momo"": 0.2, ""regime"": 0.0, ""timesfm"": 0.2, ""trend"": 0.2}",0.70_sample_0.30_diag,3.0,,2.58569888993656,1.0,Leave-one-out regime ablation.,,,,,,,,,,,,,
2026-04-19T23:01:55.633364+00:00,taa_no_trend,3.0,200.0,1|3|6|12,"{""momo_scale"": 0.06, ""regime_scale"": 0.1, ""timesfm_scale"": ""mu_ann"", ""trend_scale"": 0.06}","{""momo"": 0.2, ""regime"": 0.4, ""timesfm"": 0.2, ""trend"": 0.0}",0.70_sample_0.30_diag,3.0,,2.58569888993656,1.0,Leave-one-out trend ablation.,,,,,,,,,,,,,
2026-04-19T23:01:55.633364+00:00,taa_no_momo,3.0,200.0,1|3|6|12,"{""momo_scale"": 0.06, ""regime_scale"": 0.1, ""timesfm_scale"": ""mu_ann"", ""trend_scale"": 0.06}","{""momo"": 0.0, ""regime"": 0.4, ""timesfm"": 0.2, ""trend"": 0.2}",0.70_sample_0.30_diag,3.0,,2.58569888993656,1.0,Leave-one-out ADM ablation.,,,,,,,,,,,,,
2026-04-19T23:01:55.633364+00:00,taa_no_timesfm,3.0,200.0,1|3|6|12,"{""momo_scale"": 0.06, ""regime_scale"": 0.1, ""timesfm_scale"": ""mu_ann"", ""trend_scale"": 0.06}","{""momo"": 0.2, ""regime"": 0.4, ""timesfm"": 0.0, ""trend"": 0.2}",0.70_sample_0.30_diag,3.0,,2.58569888993656,1.0,Leave-one-out TimesFM ablation.,,,,,,,,,,,,,
2026-04-19T23:01:55.633364+00:00,saa_minimum_variance,,,,,,,,,0.5621926771016753,,SAA method comparison row for minimum_variance.,,,,,,,,,,,,,
2026-04-19T23:01:55.633364+00:00,saa_mean_variance,,,,,,,,,0.5086834659978052,,SAA method comparison row for mean_variance.,,,,,,,,,,,,,
2026-04-19T23:01:55.633364+00:00,saa_maximum_diversification,,,,,,,,,0.5050454319031291,,SAA method comparison row for maximum_diversification.,,,,,,,,,,,,,
2026-04-19T23:01:55.633364+00:00,saa_inverse_vol,,,,,,,,,0.4897429226444331,,SAA method comparison row for inverse_vol.,,,,,,,,,,,,,
2026-04-19T23:01:55.633364+00:00,saa_risk_parity,,,,,,,,,0.4737136129257712,,SAA method comparison row for risk_parity.,,,,,,,,,,,,,
,,,,,,,,,,,,Pipeline run summary row for the SAA+TAA portfolio.,pipeline_20260419T230158.433311+0000_timesfm_vb100,2026-04-19T23:01:58.433311+00:00,1.0,0.1,3.0,2003-01-01,2003-12-31,0.2090426452035181,0.0731108505863791,-0.0415188483931583,2.58569888993656,4.1013343022019635,5.034885438632857
2026-04-19T23:09:48.963833+00:00,taa_baseline,3.0,200.0,1|3|6|12,"{""momo_scale"": 0.06, ""regime_scale"": 0.1, ""timesfm_scale"": ""mu_ann"", ""trend_scale"": 0.06}","{""momo"": 0.2, ""regime"": 0.4, ""timesfm"": 0.2, ""trend"": 0.2}",0.70_sample_0.30_diag,5.0,,0.9535975491028562,1.0,Baseline signal ensemble. Baseline run used --no-timesfm.,,,,,,,,,,,,,
2026-04-19T23:09:48.963833+00:00,taa_no_regime,3.0,200.0,1|3|6|12,"{""momo_scale"": 0.06, ""regime_scale"": 0.1, ""timesfm_scale"": ""mu_ann"", ""trend_scale"": 0.06}","{""momo"": 0.2, ""regime"": 0.0, ""timesfm"": 0.2, ""trend"": 0.2}",0.70_sample_0.30_diag,5.0,,0.9535975491028562,1.0,Leave-one-out regime ablation.,,,,,,,,,,,,,
2026-04-19T23:09:48.963833+00:00,taa_no_trend,3.0,200.0,1|3|6|12,"{""momo_scale"": 0.06, ""regime_scale"": 0.1, ""timesfm_scale"": ""mu_ann"", ""trend_scale"": 0.06}","{""momo"": 0.2, ""regime"": 0.4, ""timesfm"": 0.2, ""trend"": 0.0}",0.70_sample_0.30_diag,5.0,,0.9535975491028562,1.0,Leave-one-out trend ablation.,,,,,,,,,,,,,
2026-04-19T23:09:48.963833+00:00,taa_no_momo,3.0,200.0,1|3|6|12,"{""momo_scale"": 0.06, ""regime_scale"": 0.1, ""timesfm_scale"": ""mu_ann"", ""trend_scale"": 0.06}","{""momo"": 0.0, ""regime"": 0.4, ""timesfm"": 0.2, ""trend"": 0.2}",0.70_sample_0.30_diag,5.0,,0.9535975491028562,1.0,Leave-one-out ADM ablation.,,,,,,,,,,,,,
2026-04-19T23:09:48.963833+00:00,saa_minimum_variance,,,,,,,,,0.5621926771016753,,SAA method comparison row for minimum_variance.,,,,,,,,,,,,,
2026-04-19T23:09:48.963833+00:00,saa_mean_variance,,,,,,,,,0.5086834659978052,,SAA method comparison row for mean_variance.,,,,,,,,,,,,,
2026-04-19T23:09:48.963833+00:00,saa_maximum_diversification,,,,,,,,,0.5050454319031291,,SAA method comparison row for maximum_diversification.,,,,,,,,,,,,,
2026-04-19T23:09:48.963833+00:00,saa_inverse_vol,,,,,,,,,0.4897429226444331,,SAA method comparison row for inverse_vol.,,,,,,,,,,,,,
2026-04-19T23:09:48.963833+00:00,saa_risk_parity,,,,,,,,,0.4737136129257712,,SAA method comparison row for risk_parity.,,,,,,,,,,,,,
,,,,,,,,,,,,Pipeline run summary row for the SAA+TAA portfolio. run_id=baseline.,baseline_20260419T230951.013541+0000_no_timesfm_vb100,2026-04-19T23:09:51.013541+00:00,0.0,0.1,5.0,2003-01-01,2025-12-31,0.1285984376920645,0.1138828825579867,-0.3454603446293383,0.9535975491028562,1.3913207743439906,0.372252386391973
2026-04-20T00:10:38.590224+00:00,taa_baseline,3.0,200.0,1|3|6|12,"{""momo_scale"": 0.06, ""regime_scale"": 0.1, ""timesfm_scale"": ""mu_ann"", ""trend_scale"": 0.06}","{""momo"": 0.2, ""regime"": 0.4, ""timesfm"": 0.2, ""trend"": 0.2}",0.70_sample_0.30_diag,5.0,,0.9535975491028562,1.0,Baseline signal ensemble.,,,,,,,,,,,,,
2026-04-20T00:10:38.590224+00:00,taa_no_regime,3.0,200.0,1|3|6|12,"{""momo_scale"": 0.06, ""regime_scale"": 0.1, ""timesfm_scale"": ""mu_ann"", ""trend_scale"": 0.06}","{""momo"": 0.2, ""regime"": 0.0, ""timesfm"": 0.2, ""trend"": 0.2}",0.70_sample_0.30_diag,5.0,,0.9535975491028562,1.0,Leave-one-out regime ablation.,,,,,,,,,,,,,
2026-04-20T00:10:38.590224+00:00,taa_no_trend,3.0,200.0,1|3|6|12,"{""momo_scale"": 0.06, ""regime_scale"": 0.1, ""timesfm_scale"": ""mu_ann"", ""trend_scale"": 0.06}","{""momo"": 0.2, ""regime"": 0.4, ""timesfm"": 0.2, ""trend"": 0.0}",0.70_sample_0.30_diag,5.0,,0.9535975491028562,1.0,Leave-one-out trend ablation.,,,,,,,,,,,,,
2026-04-20T00:10:38.590224+00:00,taa_no_momo,3.0,200.0,1|3|6|12,"{""momo_scale"": 0.06, ""regime_scale"": 0.1, ""timesfm_scale"": ""mu_ann"", ""trend_scale"": 0.06}","{""momo"": 0.0, ""regime"": 0.4, ""timesfm"": 0.2, ""trend"": 0.2}",0.70_sample_0.30_diag,5.0,,0.9535975491028562,1.0,Leave-one-out ADM ablation.,,,,,,,,,,,,,
2026-04-20T00:10:38.590224+00:00,taa_no_timesfm,3.0,200.0,1|3|6|12,"{""momo_scale"": 0.06, ""regime_scale"": 0.1, ""timesfm_scale"": ""mu_ann"", ""trend_scale"": 0.06}","{""momo"": 0.2, ""regime"": 0.4, ""timesfm"": 0.0, ""trend"": 0.2}",0.70_sample_0.30_diag,5.0,,0.9535975491028562,1.0,Leave-one-out TimesFM ablation.,,,,,,,,,,,,,
2026-04-20T00:10:38.590224+00:00,saa_minimum_variance,,,,,,,,,0.5621926771016753,,SAA method comparison row for minimum_variance.,,,,,,,,,,,,,
2026-04-20T00:10:38.590224+00:00,saa_mean_variance,,,,,,,,,0.5086834659978052,,SAA method comparison row for mean_variance.,,,,,,,,,,,,,
2026-04-20T00:10:38.590224+00:00,saa_maximum_diversification,,,,,,,,,0.5050454319031291,,SAA method comparison row for maximum_diversification.,,,,,,,,,,,,,
2026-04-20T00:10:38.590224+00:00,saa_inverse_vol,,,,,,,,,0.4897429226444331,,SAA method comparison row for inverse_vol.,,,,,,,,,,,,,
2026-04-20T00:10:38.590224+00:00,saa_risk_parity,,,,,,,,,0.4737136129257712,,SAA method comparison row for risk_parity.,,,,,,,,,,,,,
,,,,,,,,,,,,Pipeline run summary row for the SAA+TAA portfolio. run_id=timesfm_vb10.,timesfm_vb10_20260420T001040.733082+0000_timesfm_vb100,2026-04-20T00:10:40.733082+00:00,1.0,0.1,5.0,2003-01-01,2025-12-31,0.1285984376920645,0.1138828825579867,-0.3454603446293383,0.9535975491028562,1.3913207743439906,0.372252386391973
2026-04-20T00:14:07.822662+00:00,taa_baseline,3.0,200.0,1|3|6|12,"{""momo_scale"": 0.06, ""regime_scale"": 0.1, ""timesfm_scale"": ""mu_ann"", ""trend_scale"": 0.06}","{""momo"": 0.2, ""regime"": 0.4, ""timesfm"": 0.2, ""trend"": 0.2}",0.70_sample_0.30_diag,5.0,,0.9535975491028562,1.0,Baseline signal ensemble.,,,,,,,,,,,,,
2026-04-20T00:14:07.822662+00:00,taa_no_regime,3.0,200.0,1|3|6|12,"{""momo_scale"": 0.06, ""regime_scale"": 0.1, ""timesfm_scale"": ""mu_ann"", ""trend_scale"": 0.06}","{""momo"": 0.2, ""regime"": 0.0, ""timesfm"": 0.2, ""trend"": 0.2}",0.70_sample_0.30_diag,5.0,,0.9535975491028562,1.0,Leave-one-out regime ablation.,,,,,,,,,,,,,
2026-04-20T00:14:07.822662+00:00,taa_no_trend,3.0,200.0,1|3|6|12,"{""momo_scale"": 0.06, ""regime_scale"": 0.1, ""timesfm_scale"": ""mu_ann"", ""trend_scale"": 0.06}","{""momo"": 0.2, ""regime"": 0.4, ""timesfm"": 0.2, ""trend"": 0.0}",0.70_sample_0.30_diag,5.0,,0.9535975491028562,1.0,Leave-one-out trend ablation.,,,,,,,,,,,,,
2026-04-20T00:14:07.822662+00:00,taa_no_momo,3.0,200.0,1|3|6|12,"{""momo_scale"": 0.06, ""regime_scale"": 0.1, ""timesfm_scale"": ""mu_ann"", ""trend_scale"": 0.06}","{""momo"": 0.0, ""regime"": 0.4, ""timesfm"": 0.2, ""trend"": 0.2}",0.70_sample_0.30_diag,5.0,,0.9535975491028562,1.0,Leave-one-out ADM ablation.,,,,,,,,,,,,,
2026-04-20T00:14:07.822662+00:00,taa_no_timesfm,3.0,200.0,1|3|6|12,"{""momo_scale"": 0.06, ""regime_scale"": 0.1, ""timesfm_scale"": ""mu_ann"", ""trend_scale"": 0.06}","{""momo"": 0.2, ""regime"": 0.4, ""timesfm"": 0.0, ""trend"": 0.2}",0.70_sample_0.30_diag,5.0,,0.9535975491028562,1.0,Leave-one-out TimesFM ablation.,,,,,,,,,,,,,
2026-04-20T00:14:07.822662+00:00,saa_minimum_variance,,,,,,,,,0.5621926771016753,,SAA method comparison row for minimum_variance.,,,,,,,,,,,,,
2026-04-20T00:14:07.822662+00:00,saa_mean_variance,,,,,,,,,0.5086834659978052,,SAA method comparison row for mean_variance.,,,,,,,,,,,,,
2026-04-20T00:14:07.822662+00:00,saa_maximum_diversification,,,,,,,,,0.5050454319031291,,SAA method comparison row for maximum_diversification.,,,,,,,,,,,,,
2026-04-20T00:14:07.822662+00:00,saa_inverse_vol,,,,,,,,,0.4897429226444331,,SAA method comparison row for inverse_vol.,,,,,,,,,,,,,
2026-04-20T00:14:07.822662+00:00,saa_risk_parity,,,,,,,,,0.4737136129257712,,SAA method comparison row for risk_parity.,,,,,,,,,,,,,
,,,,,,,,,,,,Pipeline run summary row for the SAA+TAA portfolio. run_id=timesfm_vb08.,timesfm_vb08_20260420T001409.960730+0000_timesfm_vb080,2026-04-20T00:14:09.960730+00:00,1.0,0.08,5.0,2003-01-01,2025-12-31,0.1285984376920645,0.1138828825579867,-0.3454603446293383,0.9535975491028562,1.3913207743439906,0.372252386391973
2026-04-20T00:17:37.492166+00:00,taa_baseline,3.0,200.0,1|3|6|12,"{""momo_scale"": 0.06, ""regime_scale"": 0.1, ""timesfm_scale"": ""mu_ann"", ""trend_scale"": 0.06}","{""momo"": 0.2, ""regime"": 0.4, ""timesfm"": 0.2, ""trend"": 0.2}",0.70_sample_0.30_diag,5.0,,0.9535975491028562,1.0,Baseline signal ensemble.,,,,,,,,,,,,,
2026-04-20T00:17:37.492166+00:00,taa_no_regime,3.0,200.0,1|3|6|12,"{""momo_scale"": 0.06, ""regime_scale"": 0.1, ""timesfm_scale"": ""mu_ann"", ""trend_scale"": 0.06}","{""momo"": 0.2, ""regime"": 0.0, ""timesfm"": 0.2, ""trend"": 0.2}",0.70_sample_0.30_diag,5.0,,0.9535975491028562,1.0,Leave-one-out regime ablation.,,,,,,,,,,,,,
2026-04-20T00:17:37.492166+00:00,taa_no_trend,3.0,200.0,1|3|6|12,"{""momo_scale"": 0.06, ""regime_scale"": 0.1, ""timesfm_scale"": ""mu_ann"", ""trend_scale"": 0.06}","{""momo"": 0.2, ""regime"": 0.4, ""timesfm"": 0.2, ""trend"": 0.0}",0.70_sample_0.30_diag,5.0,,0.9535975491028562,1.0,Leave-one-out trend ablation.,,,,,,,,,,,,,
2026-04-20T00:17:37.492166+00:00,taa_no_momo,3.0,200.0,1|3|6|12,"{""momo_scale"": 0.06, ""regime_scale"": 0.1, ""timesfm_scale"": ""mu_ann"", ""trend_scale"": 0.06}","{""momo"": 0.0, ""regime"": 0.4, ""timesfm"": 0.2, ""trend"": 0.2}",0.70_sample_0.30_diag,5.0,,0.9535975491028562,1.0,Leave-one-out ADM ablation.,,,,,,,,,,,,,
2026-04-20T00:17:37.492166+00:00,taa_no_timesfm,3.0,200.0,1|3|6|12,"{""momo_scale"": 0.06, ""regime_scale"": 0.1, ""timesfm_scale"": ""mu_ann"", ""trend_scale"": 0.06}","{""momo"": 0.2, ""regime"": 0.4, ""timesfm"": 0.0, ""trend"": 0.2}",0.70_sample_0.30_diag,5.0,,0.9535975491028562,1.0,Leave-one-out TimesFM ablation.,,,,,,,,,,,,,
2026-04-20T00:17:37.492166+00:00,saa_minimum_variance,,,,,,,,,0.5621926771016753,,SAA method comparison row for minimum_variance.,,,,,,,,,,,,,
2026-04-20T00:17:37.492166+00:00,saa_mean_variance,,,,,,,,,0.5086834659978052,,SAA method comparison row for mean_variance.,,,,,,,,,,,,,
2026-04-20T00:17:37.492166+00:00,saa_maximum_diversification,,,,,,,,,0.5050454319031291,,SAA method comparison row for maximum_diversification.,,,,,,,,,,,,,
2026-04-20T00:17:37.492166+00:00,saa_inverse_vol,,,,,,,,,0.4897429226444331,,SAA method comparison row for inverse_vol.,,,,,,,,,,,,,
2026-04-20T00:17:37.492166+00:00,saa_risk_parity,,,,,,,,,0.4737136129257712,,SAA method comparison row for risk_parity.,,,,,,,,,,,,,
,,,,,,,,,,,,Pipeline run summary row for the SAA+TAA portfolio. run_id=timesfm_vb07.,timesfm_vb07_20260420T001739.681191+0000_timesfm_vb070,2026-04-20T00:17:39.681191+00:00,1.0,0.07,5.0,2003-01-01,2025-12-31,0.1285984376920645,0.1138828825579867,-0.3454603446293383,0.9535975491028562,1.3913207743439906,0.372252386391973
2026-04-20T00:21:17.289823+00:00,taa_baseline,3.0,200.0,1|3|6|12,"{""momo_scale"": 0.06, ""regime_scale"": 0.1, ""timesfm_scale"": ""mu_ann"", ""trend_scale"": 0.06}","{""momo"": 0.2, ""regime"": 0.4, ""timesfm"": 0.2, ""trend"": 0.2}",0.70_sample_0.30_diag,5.0,,0.9535975491028562,1.0,Baseline signal ensemble.,,,,,,,,,,,,,
2026-04-20T00:21:17.289823+00:00,taa_no_regime,3.0,200.0,1|3|6|12,"{""momo_scale"": 0.06, ""regime_scale"": 0.1, ""timesfm_scale"": ""mu_ann"", ""trend_scale"": 0.06}","{""momo"": 0.2, ""regime"": 0.0, ""timesfm"": 0.2, ""trend"": 0.2}",0.70_sample_0.30_diag,5.0,,0.9535975491028562,1.0,Leave-one-out regime ablation.,,,,,,,,,,,,,
2026-04-20T00:21:17.289823+00:00,taa_no_trend,3.0,200.0,1|3|6|12,"{""momo_scale"": 0.06, ""regime_scale"": 0.1, ""timesfm_scale"": ""mu_ann"", ""trend_scale"": 0.06}","{""momo"": 0.2, ""regime"": 0.4, ""timesfm"": 0.2, ""trend"": 0.0}",0.70_sample_0.30_diag,5.0,,0.9535975491028562,1.0,Leave-one-out trend ablation.,,,,,,,,,,,,,
2026-04-20T00:21:17.289823+00:00,taa_no_momo,3.0,200.0,1|3|6|12,"{""momo_scale"": 0.06, ""regime_scale"": 0.1, ""timesfm_scale"": ""mu_ann"", ""trend_scale"": 0.06}","{""momo"": 0.0, ""regime"": 0.4, ""timesfm"": 0.2, ""trend"": 0.2}",0.70_sample_0.30_diag,5.0,,0.9535975491028562,1.0,Leave-one-out ADM ablation.,,,,,,,,,,,,,
2026-04-20T00:21:17.289823+00:00,taa_no_timesfm,3.0,200.0,1|3|6|12,"{""momo_scale"": 0.06, ""regime_scale"": 0.1, ""timesfm_scale"": ""mu_ann"", ""trend_scale"": 0.06}","{""momo"": 0.2, ""regime"": 0.4, ""timesfm"": 0.0, ""trend"": 0.2}",0.70_sample_0.30_diag,5.0,,0.9535975491028562,1.0,Leave-one-out TimesFM ablation.,,,,,,,,,,,,,
2026-04-20T00:21:17.289823+00:00,saa_minimum_variance,,,,,,,,,0.5621926771016753,,SAA method comparison row for minimum_variance.,,,,,,,,,,,,,
2026-04-20T00:21:17.289823+00:00,saa_mean_variance,,,,,,,,,0.5086834659978052,,SAA method comparison row for mean_variance.,,,,,,,,,,,,,
2026-04-20T00:21:17.289823+00:00,saa_maximum_diversification,,,,,,,,,0.5050454319031291,,SAA method comparison row for maximum_diversification.,,,,,,,,,,,,,
2026-04-20T00:21:17.289823+00:00,saa_inverse_vol,,,,,,,,,0.4897429226444331,,SAA method comparison row for inverse_vol.,,,,,,,,,,,,,
2026-04-20T00:21:17.289823+00:00,saa_risk_parity,,,,,,,,,0.4737136129257712,,SAA method comparison row for risk_parity.,,,,,,,,,,,,,
,,,,,,,,,,,,Pipeline run summary row for the SAA+TAA portfolio. run_id=timesfm_regime_vb.,timesfm_regime_vb_20260420T002119.553153+0000_timesfm_vb100,2026-04-20T00:21:19.553153+00:00,1.0,0.1,5.0,2003-01-01,2025-12-31,0.1285984376920645,0.1138828825579867,-0.3454603446293383,0.9535975491028562,1.3913207743439906,0.372252386391973
2026-04-20T00:46:30.817970+00:00,taa_baseline,3.0,200.0,1|3|6|12,"{""momo_scale"": 0.06, ""regime_scale"": 0.1, ""timesfm_scale"": ""mu_ann"", ""trend_scale"": 0.06}","{""momo"": 0.2, ""regime"": 0.4, ""timesfm"": 0.2, ""trend"": 0.2}",0.70_sample_0.30_diag,5.0,,0.9535975491028562,1.0,Baseline signal ensemble.,,,,,,,,,,,,,
2026-04-20T00:46:30.817970+00:00,taa_no_regime,3.0,200.0,1|3|6|12,"{""momo_scale"": 0.06, ""regime_scale"": 0.1, ""timesfm_scale"": ""mu_ann"", ""trend_scale"": 0.06}","{""momo"": 0.2, ""regime"": 0.0, ""timesfm"": 0.2, ""trend"": 0.2}",0.70_sample_0.30_diag,5.0,,0.9535975491028562,1.0,Leave-one-out regime ablation.,,,,,,,,,,,,,
2026-04-20T00:46:30.817970+00:00,taa_no_trend,3.0,200.0,1|3|6|12,"{""momo_scale"": 0.06, ""regime_scale"": 0.1, ""timesfm_scale"": ""mu_ann"", ""trend_scale"": 0.06}","{""momo"": 0.2, ""regime"": 0.4, ""timesfm"": 0.2, ""trend"": 0.0}",0.70_sample_0.30_diag,5.0,,0.9535975491028562,1.0,Leave-one-out trend ablation.,,,,,,,,,,,,,
2026-04-20T00:46:30.817970+00:00,taa_no_momo,3.0,200.0,1|3|6|12,"{""momo_scale"": 0.06, ""regime_scale"": 0.1, ""timesfm_scale"": ""mu_ann"", ""trend_scale"": 0.06}","{""momo"": 0.0, ""regime"": 0.4, ""timesfm"": 0.2, ""trend"": 0.2}",0.70_sample_0.30_diag,5.0,,0.9535975491028562,1.0,Leave-one-out ADM ablation.,,,,,,,,,,,,,
2026-04-20T00:46:30.817970+00:00,taa_no_timesfm,3.0,200.0,1|3|6|12,"{""momo_scale"": 0.06, ""regime_scale"": 0.1, ""timesfm_scale"": ""mu_ann"", ""trend_scale"": 0.06}","{""momo"": 0.2, ""regime"": 0.4, ""timesfm"": 0.0, ""trend"": 0.2}",0.70_sample_0.30_diag,5.0,,0.9535975491028562,1.0,Leave-one-out TimesFM ablation.,,,,,,,,,,,,,
2026-04-20T00:46:30.817970+00:00,saa_minimum_variance,,,,,,,,,0.5621926771016753,,SAA method comparison row for minimum_variance.,,,,,,,,,,,,,
2026-04-20T00:46:30.817970+00:00,saa_mean_variance,,,,,,,,,0.5086834659978052,,SAA method comparison row for mean_variance.,,,,,,,,,,,,,
2026-04-20T00:46:30.817970+00:00,saa_maximum_diversification,,,,,,,,,0.5050454319031291,,SAA method comparison row for maximum_diversification.,,,,,,,,,,,,,
2026-04-20T00:46:30.817970+00:00,saa_inverse_vol,,,,,,,,,0.4897429226444331,,SAA method comparison row for inverse_vol.,,,,,,,,,,,,,
2026-04-20T00:46:30.817970+00:00,saa_risk_parity,,,,,,,,,0.4737136129257712,,SAA method comparison row for risk_parity.,,,,,,,,,,,,,
,,,,,,,,,,,,Pipeline run summary row for the SAA+TAA portfolio. run_id=timesfm_regime_dd.,timesfm_regime_dd_20260420T004633.249861+0000_timesfm_vb100,2026-04-20T00:46:33.249861+00:00,1.0,0.1,5.0,2003-01-01,2025-12-31,0.1285984376920645,0.1138828825579867,-0.3454603446293383,0.9535975491028562,1.3913207743439906,0.372252386391973
2026-04-20T00:49:47.524981+00:00,taa_baseline,3.0,200.0,1|3|6|12,"{""momo_scale"": 0.06, ""regime_scale"": 0.1, ""timesfm_scale"": ""mu_ann"", ""trend_scale"": 0.06}","{""momo"": 0.2, ""regime"": 0.4, ""timesfm"": 0.2, ""trend"": 0.2}",0.70_sample_0.30_diag,5.0,,0.9535975491028562,1.0,Baseline signal ensemble. Baseline run used --no-timesfm.,,,,,,,,,,,,,
2026-04-20T00:49:47.524981+00:00,taa_no_regime,3.0,200.0,1|3|6|12,"{""momo_scale"": 0.06, ""regime_scale"": 0.1, ""timesfm_scale"": ""mu_ann"", ""trend_scale"": 0.06}","{""momo"": 0.2, ""regime"": 0.0, ""timesfm"": 0.2, ""trend"": 0.2}",0.70_sample_0.30_diag,5.0,,0.9535975491028562,1.0,Leave-one-out regime ablation.,,,,,,,,,,,,,
2026-04-20T00:49:47.524981+00:00,taa_no_trend,3.0,200.0,1|3|6|12,"{""momo_scale"": 0.06, ""regime_scale"": 0.1, ""timesfm_scale"": ""mu_ann"", ""trend_scale"": 0.06}","{""momo"": 0.2, ""regime"": 0.4, ""timesfm"": 0.2, ""trend"": 0.0}",0.70_sample_0.30_diag,5.0,,0.9535975491028562,1.0,Leave-one-out trend ablation.,,,,,,,,,,,,,
2026-04-20T00:49:47.524981+00:00,taa_no_momo,3.0,200.0,1|3|6|12,"{""momo_scale"": 0.06, ""regime_scale"": 0.1, ""timesfm_scale"": ""mu_ann"", ""trend_scale"": 0.06}","{""momo"": 0.0, ""regime"": 0.4, ""timesfm"": 0.2, ""trend"": 0.2}",0.70_sample_0.30_diag,5.0,,0.9535975491028562,1.0,Leave-one-out ADM ablation.,,,,,,,,,,,,,
2026-04-20T00:49:47.524981+00:00,saa_minimum_variance,,,,,,,,,0.5621926771016753,,SAA method comparison row for minimum_variance.,,,,,,,,,,,,,
2026-04-20T00:49:47.524981+00:00,saa_mean_variance,,,,,,,,,0.5086834659978052,,SAA method comparison row for mean_variance.,,,,,,,,,,,,,
2026-04-20T00:49:47.524981+00:00,saa_maximum_diversification,,,,,,,,,0.5050454319031291,,SAA method comparison row for maximum_diversification.,,,,,,,,,,,,,
2026-04-20T00:49:47.524981+00:00,saa_inverse_vol,,,,,,,,,0.4897429226444331,,SAA method comparison row for inverse_vol.,,,,,,,,,,,,,
2026-04-20T00:49:47.524981+00:00,saa_risk_parity,,,,,,,,,0.4737136129257712,,SAA method comparison row for risk_parity.,,,,,,,,,,,,,
,,,,,,,,,,,,Pipeline run summary row for the SAA+TAA portfolio. run_id=taa_project.,taa_project_20260420T004949.669828+0000_no_timesfm_vb100,2026-04-20T00:49:49.669828+00:00,0.0,0.1,5.0,2003-01-01,2025-12-31,0.1285984376920645,0.1138828825579867,-0.3454603446293383,0.9535975491028562,1.3913207743439906,0.372252386391973
2026-04-20T02:18:44.559243+00:00,taa_baseline,3.0,200.0,1|3|6|12,"{""momo_scale"": 0.06, ""regime_scale"": 0.1, ""timesfm_scale"": ""mu_ann"", ""trend_scale"": 0.06}","{""momo"": 0.2, ""regime"": 0.4, ""timesfm"": 0.2, ""trend"": 0.2}",0.70_sample_0.30_diag,5.0,,1.1066560967737438,0.999099288159057,Baseline signal ensemble. Baseline run used --no-timesfm.,,,,,,,,,,,,,
2026-04-20T02:18:44.559243+00:00,taa_no_regime,3.0,200.0,1|3|6|12,"{""momo_scale"": 0.06, ""regime_scale"": 0.1, ""timesfm_scale"": ""mu_ann"", ""trend_scale"": 0.06}","{""momo"": 0.2, ""regime"": 0.0, ""timesfm"": 0.2, ""trend"": 0.2}",0.70_sample_0.30_diag,5.0,,1.099294031961799,0.998992911140822,Leave-one-out regime ablation.,,,,,,,,,,,,,
2026-04-20T02:18:44.559243+00:00,taa_no_trend,3.0,200.0,1|3|6|12,"{""momo_scale"": 0.06, ""regime_scale"": 0.1, ""timesfm_scale"": ""mu_ann"", ""trend_scale"": 0.06}","{""momo"": 0.2, ""regime"": 0.4, ""timesfm"": 0.2, ""trend"": 0.0}",0.70_sample_0.30_diag,5.0,,1.1450867310571151,0.9994578110664052,Leave-one-out trend ablation.,,,,,,,,,,,,,
2026-04-20T02:18:44.559243+00:00,taa_no_momo,3.0,200.0,1|3|6|12,"{""momo_scale"": 0.06, ""regime_scale"": 0.1, ""timesfm_scale"": ""mu_ann"", ""trend_scale"": 0.06}","{""momo"": 0.0, ""regime"": 0.4, ""timesfm"": 0.2, ""trend"": 0.2}",0.70_sample_0.30_diag,5.0,,1.1221240554613996,0.9993729072323404,Leave-one-out ADM ablation.,,,,,,,,,,,,,
2026-04-20T02:18:44.559243+00:00,saa_minimum_variance,,,,,,,,,0.5621926771016753,,SAA method comparison row for minimum_variance.,,,,,,,,,,,,,
2026-04-20T02:18:44.559243+00:00,saa_mean_variance,,,,,,,,,0.5086834659978052,,SAA method comparison row for mean_variance.,,,,,,,,,,,,,
2026-04-20T02:18:44.559243+00:00,saa_maximum_diversification,,,,,,,,,0.5050454319031291,,SAA method comparison row for maximum_diversification.,,,,,,,,,,,,,
2026-04-20T02:18:44.559243+00:00,saa_inverse_vol,,,,,,,,,0.4897429226444331,,SAA method comparison row for inverse_vol.,,,,,,,,,,,,,
2026-04-20T02:18:44.559243+00:00,saa_risk_parity,,,,,,,,,0.4737136129257712,,SAA method comparison row for risk_parity.,,,,,,,,,,,,,
,,,,,,,,,,,,Pipeline run summary row for the SAA+TAA portfolio. run_id=baseline.,baseline_20260420T021846.639395+0000_no_timesfm_vb100,2026-04-20T02:18:46.639395+00:00,0.0,0.1,5.0,2003-01-01,2025-12-31,0.1442214245990221,0.1122493473457267,-0.3150906035504397,1.1066560967737438,1.65111336464843,0.4577141399138394
2026-04-20T02:31:03.912983+00:00,taa_baseline,3.0,200.0,1|3|6|12,"{""momo_scale"": 0.06, ""regime_scale"": 0.1, ""timesfm_scale"": ""mu_ann"", ""trend_scale"": 0.06}","{""momo"": 0.2, ""regime"": 0.4, ""timesfm"": 0.2, ""trend"": 0.2}",0.70_sample_0.30_diag,5.0,,1.1124037507610778,0.9988927781661991,Baseline signal ensemble.,,,,,,,,,,,,,
2026-04-20T02:31:03.912983+00:00,taa_no_regime,3.0,200.0,1|3|6|12,"{""momo_scale"": 0.06, ""regime_scale"": 0.1, ""timesfm_scale"": ""mu_ann"", ""trend_scale"": 0.06}","{""momo"": 0.2, ""regime"": 0.0, ""timesfm"": 0.2, ""trend"": 0.2}",0.70_sample_0.30_diag,5.0,,1.107236099151976,0.9988036428467044,Leave-one-out regime ablation.,,,,,,,,,,,,,
2026-04-20T02:31:03.912983+00:00,taa_no_trend,3.0,200.0,1|3|6|12,"{""momo_scale"": 0.06, ""regime_scale"": 0.1, ""timesfm_scale"": ""mu_ann"", ""trend_scale"": 0.06}","{""momo"": 0.2, ""regime"": 0.4, ""timesfm"": 0.2, ""trend"": 0.0}",0.70_sample_0.30_diag,5.0,,1.1097645698240644,0.9988171346280906,Leave-one-out trend ablation.,,,,,,,,,,,,,
2026-04-20T02:31:03.912983+00:00,taa_no_momo,3.0,200.0,1|3|6|12,"{""momo_scale"": 0.06, ""regime_scale"": 0.1, ""timesfm_scale"": ""mu_ann"", ""trend_scale"": 0.06}","{""momo"": 0.0, ""regime"": 0.4, ""timesfm"": 0.2, ""trend"": 0.2}",0.70_sample_0.30_diag,5.0,,1.107826265358038,0.9988089686112568,Leave-one-out ADM ablation.,,,,,,,,,,,,,
2026-04-20T02:31:03.912983+00:00,taa_no_timesfm,3.0,200.0,1|3|6|12,"{""momo_scale"": 0.06, ""regime_scale"": 0.1, ""timesfm_scale"": ""mu_ann"", ""trend_scale"": 0.06}","{""momo"": 0.2, ""regime"": 0.4, ""timesfm"": 0.0, ""trend"": 0.2}",0.70_sample_0.30_diag,5.0,,1.1066560967737438,0.9989861232105172,Leave-one-out TimesFM ablation.,,,,,,,,,,,,,
2026-04-20T02:31:03.912983+00:00,saa_minimum_variance,,,,,,,,,0.5621926771016753,,SAA method comparison row for minimum_variance.,,,,,,,,,,,,,
2026-04-20T02:31:03.912983+00:00,saa_mean_variance,,,,,,,,,0.5086834659978052,,SAA method comparison row for mean_variance.,,,,,,,,,,,,,
2026-04-20T02:31:03.912983+00:00,saa_maximum_diversification,,,,,,,,,0.5050454319031291,,SAA method comparison row for maximum_diversification.,,,,,,,,,,,,,
2026-04-20T02:31:03.912983+00:00,saa_inverse_vol,,,,,,,,,0.4897429226444331,,SAA method comparison row for inverse_vol.,,,,,,,,,,,,,
2026-04-20T02:31:03.912983+00:00,saa_risk_parity,,,,,,,,,0.4737136129257712,,SAA method comparison row for risk_parity.,,,,,,,,,,,,,
,,,,,,,,,,,,Pipeline run summary row for the SAA+TAA portfolio. run_id=timesfm_vb10.,timesfm_vb10_20260420T023106.315853+0000_timesfm_vb100,2026-04-20T02:31:06.315853+00:00,1.0,0.1,5.0,2003-01-01,2025-12-31,0.146193209154174,0.1134419126758929,-0.27953403898128,1.1124037507610778,1.6141187975070623,0.5229889343242535
2026-04-20T02:35:09.290810+00:00,taa_baseline,3.0,200.0,1|3|6|12,"{""momo_scale"": 0.06, ""regime_scale"": 0.1, ""timesfm_scale"": ""mu_ann"", ""trend_scale"": 0.06}","{""momo"": 0.2, ""regime"": 0.4, ""timesfm"": 0.2, ""trend"": 0.2}",0.70_sample_0.30_diag,5.0,,1.2058497869793914,0.9997210287221736,Baseline signal ensemble.,,,,,,,,,,,,,
2026-04-20T02:35:09.290810+00:00,taa_no_regime,3.0,200.0,1|3|6|12,"{""momo_scale"": 0.06, ""regime_scale"": 0.1, ""timesfm_scale"": ""mu_ann"", ""trend_scale"": 0.06}","{""momo"": 0.2, ""regime"": 0.0, ""timesfm"": 0.2, ""trend"": 0.2}",0.70_sample_0.30_diag,5.0,,1.2061035494448644,0.9997244236590784,Leave-one-out regime ablation.,,,,,,,,,,,,,
2026-04-20T02:35:09.290810+00:00,taa_no_trend,3.0,200.0,1|3|6|12,"{""momo_scale"": 0.06, ""regime_scale"": 0.1, ""timesfm_scale"": ""mu_ann"", ""trend_scale"": 0.06}","{""momo"": 0.2, ""regime"": 0.4, ""timesfm"": 0.2, ""trend"": 0.0}",0.70_sample_0.30_diag,5.0,,1.2117644363696969,0.999751915981514,Leave-one-out trend ablation.,,,,,,,,,,,,,
2026-04-20T02:35:09.290810+00:00,taa_no_momo,3.0,200.0,1|3|6|12,"{""momo_scale"": 0.06, ""regime_scale"": 0.1, ""timesfm_scale"": ""mu_ann"", ""trend_scale"": 0.06}","{""momo"": 0.0, ""regime"": 0.4, ""timesfm"": 0.2, ""trend"": 0.2}",0.70_sample_0.30_diag,5.0,,1.2011409512568243,0.9997021798765224,Leave-one-out ADM ablation.,,,,,,,,,,,,,
2026-04-20T02:35:09.290810+00:00,taa_no_timesfm,3.0,200.0,1|3|6|12,"{""momo_scale"": 0.06, ""regime_scale"": 0.1, ""timesfm_scale"": ""mu_ann"", ""trend_scale"": 0.06}","{""momo"": 0.2, ""regime"": 0.4, ""timesfm"": 0.0, ""trend"": 0.2}",0.70_sample_0.30_diag,5.0,,1.1077355192905385,0.9988919913435416,Leave-one-out TimesFM ablation.,,,,,,,,,,,,,
2026-04-20T02:35:09.290810+00:00,saa_minimum_variance,,,,,,,,,0.5621926771016753,,SAA method comparison row for minimum_variance.,,,,,,,,,,,,,
2026-04-20T02:35:09.290810+00:00,saa_mean_variance,,,,,,,,,0.5086834659978052,,SAA method comparison row for mean_variance.,,,,,,,,,,,,,
2026-04-20T02:35:09.290810+00:00,saa_maximum_diversification,,,,,,,,,0.5050454319031291,,SAA method comparison row for maximum_diversification.,,,,,,,,,,,,,
2026-04-20T02:35:09.290810+00:00,saa_inverse_vol,,,,,,,,,0.4897429226444331,,SAA method comparison row for inverse_vol.,,,,,,,,,,,,,
2026-04-20T02:35:09.290810+00:00,saa_risk_parity,,,,,,,,,0.4737136129257712,,SAA method comparison row for risk_parity.,,,,,,,,,,,,,
,,,,,,,,,,,,Pipeline run summary row for the SAA+TAA portfolio. run_id=timesfm_vb08.,timesfm_vb08_20260420T023511.613958+0000_timesfm_vb080,2026-04-20T02:35:11.613958+00:00,1.0,0.08,5.0,2003-01-01,2025-12-31,0.1379457339783512,0.0978112989295298,-0.2746073631039061,1.2058497869793914,1.755759822855954,0.502338074329621
2026-04-20T02:43:22.832014+00:00,taa_baseline,3.0,200.0,1|3|6|12,"{""momo_scale"": 0.06, ""regime_scale"": 0.1, ""timesfm_scale"": ""mu_ann"", ""trend_scale"": 0.06}","{""momo"": 0.2, ""regime"": 0.4, ""timesfm"": 0.2, ""trend"": 0.2}",0.70_sample_0.30_diag,5.0,,1.056351186119438,0.9963950812611602,Baseline signal ensemble.,,,,,,,,,,,,,
2026-04-20T02:43:22.832014+00:00,taa_no_regime,3.0,200.0,1|3|6|12,"{""momo_scale"": 0.06, ""regime_scale"": 0.1, ""timesfm_scale"": ""mu_ann"", ""trend_scale"": 0.06}","{""momo"": 0.2, ""regime"": 0.0, ""timesfm"": 0.2, ""trend"": 0.2}",0.70_sample_0.30_diag,5.0,,1.056375197541582,0.9964075448678732,Leave-one-out regime ablation.,,,,,,,,,,,,,
2026-04-20T02:43:22.832014+00:00,taa_no_trend,3.0,200.0,1|3|6|12,"{""momo_scale"": 0.06, ""regime_scale"": 0.1, ""timesfm_scale"": ""mu_ann"", ""trend_scale"": 0.06}","{""momo"": 0.2, ""regime"": 0.4, ""timesfm"": 0.2, ""trend"": 0.0}",0.70_sample_0.30_diag,5.0,,1.068839578334936,0.9969571022274716,Leave-one-out trend ablation.,,,,,,,,,,,,,
2026-04-20T02:43:22.832014+00:00,taa_no_momo,3.0,200.0,1|3|6|12,"{""momo_scale"": 0.06, ""regime_scale"": 0.1, ""timesfm_scale"": ""mu_ann"", ""trend_scale"": 0.06}","{""momo"": 0.0, ""regime"": 0.4, ""timesfm"": 0.2, ""trend"": 0.2}",0.70_sample_0.30_diag,5.0,,1.056426237293134,0.9963969237438391,Leave-one-out ADM ablation.,,,,,,,,,,,,,
2026-04-20T02:43:22.832014+00:00,taa_no_timesfm,3.0,200.0,1|3|6|12,"{""momo_scale"": 0.06, ""regime_scale"": 0.1, ""timesfm_scale"": ""mu_ann"", ""trend_scale"": 0.06}","{""momo"": 0.2, ""regime"": 0.4, ""timesfm"": 0.0, ""trend"": 0.2}",0.70_sample_0.30_diag,5.0,,1.1182679131520414,0.9989471979561558,Leave-one-out TimesFM ablation.,,,,,,,,,,,,,
2026-04-20T02:43:22.832014+00:00,saa_minimum_variance,,,,,,,,,0.5621926771016753,,SAA method comparison row for minimum_variance.,,,,,,,,,,,,,
2026-04-20T02:43:22.832014+00:00,saa_mean_variance,,,,,,,,,0.5086834659978052,,SAA method comparison row for mean_variance.,,,,,,,,,,,,,
2026-04-20T02:43:22.832014+00:00,saa_maximum_diversification,,,,,,,,,0.5050454319031291,,SAA method comparison row for maximum_diversification.,,,,,,,,,,,,,
2026-04-20T02:43:22.832014+00:00,saa_inverse_vol,,,,,,,,,0.4897429226444331,,SAA method comparison row for inverse_vol.,,,,,,,,,,,,,
2026-04-20T02:43:22.832014+00:00,saa_risk_parity,,,,,,,,,0.4737136129257712,,SAA method comparison row for risk_parity.,,,,,,,,,,,,,
,,,,,,,,,,,,Pipeline run summary row for the SAA+TAA portfolio. run_id=timesfm_vb07.,timesfm_vb07_20260420T024324.962510+0000_timesfm_vb070,2026-04-20T02:43:24.962510+00:00,1.0,0.07,5.0,2003-01-01,2025-12-31,0.1091475443803215,0.084391957477522,-0.2755835523187683,1.056351186119438,1.5107133454303832,0.3960597193190626
2026-04-20T02:48:46.809001+00:00,taa_baseline,3.0,200.0,1|3|6|12,"{""momo_scale"": 0.06, ""regime_scale"": 0.1, ""timesfm_scale"": ""mu_ann"", ""trend_scale"": 0.06}","{""momo"": 0.2, ""regime"": 0.4, ""timesfm"": 0.2, ""trend"": 0.2}",0.70_sample_0.30_diag,5.0,,1.106960274344871,0.998551027131314,Baseline signal ensemble.,,,,,,,,,,,,,
2026-04-20T02:48:46.809001+00:00,taa_no_regime,3.0,200.0,1|3|6|12,"{""momo_scale"": 0.06, ""regime_scale"": 0.1, ""timesfm_scale"": ""mu_ann"", ""trend_scale"": 0.06}","{""momo"": 0.2, ""regime"": 0.0, ""timesfm"": 0.2, ""trend"": 0.2}",0.70_sample_0.30_diag,5.0,,1.103694130505933,0.9984899201063338,Leave-one-out regime ablation.,,,,,,,,,,,,,
2026-04-20T02:48:46.809001+00:00,taa_no_trend,3.0,200.0,1|3|6|12,"{""momo_scale"": 0.06, ""regime_scale"": 0.1, ""timesfm_scale"": ""mu_ann"", ""trend_scale"": 0.06}","{""momo"": 0.2, ""regime"": 0.4, ""timesfm"": 0.2, ""trend"": 0.0}",0.70_sample_0.30_diag,5.0,,1.1254875663099966,0.9988932215792338,Leave-one-out trend ablation.,,,,,,,,,,,,,
2026-04-20T02:48:46.809001+00:00,taa_no_momo,3.0,200.0,1|3|6|12,"{""momo_scale"": 0.06, ""regime_scale"": 0.1, ""timesfm_scale"": ""mu_ann"", ""trend_scale"": 0.06}","{""momo"": 0.0, ""regime"": 0.4, ""timesfm"": 0.2, ""trend"": 0.2}",0.70_sample_0.30_diag,5.0,,1.112386812248471,0.9986638804809772,Leave-one-out ADM ablation.,,,,,,,,,,,,,
2026-04-20T02:48:46.809001+00:00,taa_no_timesfm,3.0,200.0,1|3|6|12,"{""momo_scale"": 0.06, ""regime_scale"": 0.1, ""timesfm_scale"": ""mu_ann"", ""trend_scale"": 0.06}","{""momo"": 0.2, ""regime"": 0.4, ""timesfm"": 0.0, ""trend"": 0.2}",0.70_sample_0.30_diag,5.0,,1.0738026765210764,0.9977959620393828,Leave-one-out TimesFM ablation.,,,,,,,,,,,,,
2026-04-20T02:48:46.809001+00:00,saa_minimum_variance,,,,,,,,,0.5621926771016753,,SAA method comparison row for minimum_variance.,,,,,,,,,,,,,
2026-04-20T02:48:46.809001+00:00,saa_mean_variance,,,,,,,,,0.5086834659978052,,SAA method comparison row for mean_variance.,,,,,,,,,,,,,
2026-04-20T02:48:46.809001+00:00,saa_maximum_diversification,,,,,,,,,0.5050454319031291,,SAA method comparison row for maximum_diversification.,,,,,,,,,,,,,
2026-04-20T02:48:46.809001+00:00,saa_inverse_vol,,,,,,,,,0.4897429226444331,,SAA method comparison row for inverse_vol.,,,,,,,,,,,,,
2026-04-20T02:48:46.809001+00:00,saa_risk_parity,,,,,,,,,0.4737136129257712,,SAA method comparison row for risk_parity.,,,,,,,,,,,,,
,,,,,,,,,,,,Pipeline run summary row for the SAA+TAA portfolio. run_id=timesfm_regime_vb.,timesfm_regime_vb_20260420T024849.190894+0000_timesfm_vb100,2026-04-20T02:48:49.190894+00:00,1.0,0.1,5.0,2003-01-01,2025-12-31,0.1351718960938219,0.1040433868884624,-0.2755830043681949,1.106960274344871,1.6236256882889109,0.4904943118815282
2026-04-20T03:11:34.223212+00:00,taa_baseline,3.0,200.0,1|3|6|12,"{""momo_scale"": 0.06, ""regime_scale"": 0.1, ""timesfm_scale"": ""mu_ann"", ""trend_scale"": 0.06}","{""momo"": 0.2, ""regime"": 0.4, ""timesfm"": 0.2, ""trend"": 0.2}",0.70_sample_0.30_diag,5.0,,1.1069604048003838,0.99843303236533,Baseline signal ensemble.,,,,,,,,,,,,,
2026-04-20T03:11:34.223212+00:00,taa_no_regime,3.0,200.0,1|3|6|12,"{""momo_scale"": 0.06, ""regime_scale"": 0.1, ""timesfm_scale"": ""mu_ann"", ""trend_scale"": 0.06}","{""momo"": 0.2, ""regime"": 0.0, ""timesfm"": 0.2, ""trend"": 0.2}",0.70_sample_0.30_diag,5.0,,1.1036942515184671,0.998367411736567,Leave-one-out regime ablation.,,,,,,,,,,,,,
2026-04-20T03:11:34.223212+00:00,taa_no_trend,3.0,200.0,1|3|6|12,"{""momo_scale"": 0.06, ""regime_scale"": 0.1, ""timesfm_scale"": ""mu_ann"", ""trend_scale"": 0.06}","{""momo"": 0.2, ""regime"": 0.4, ""timesfm"": 0.2, ""trend"": 0.0}",0.70_sample_0.30_diag,5.0,,1.1501199707630545,0.9991776718248816,Leave-one-out trend ablation.,,,,,,,,,,,,,
2026-04-20T03:11:34.223212+00:00,taa_no_momo,3.0,200.0,1|3|6|12,"{""momo_scale"": 0.06, ""regime_scale"": 0.1, ""timesfm_scale"": ""mu_ann"", ""trend_scale"": 0.06}","{""momo"": 0.0, ""regime"": 0.4, ""timesfm"": 0.2, ""trend"": 0.2}",0.70_sample_0.30_diag,5.0,,1.1123863745113702,0.9985542634808936,Leave-one-out ADM ablation.,,,,,,,,,,,,,
2026-04-20T03:11:34.223212+00:00,taa_no_timesfm,3.0,200.0,1|3|6|12,"{""momo_scale"": 0.06, ""regime_scale"": 0.1, ""timesfm_scale"": ""mu_ann"", ""trend_scale"": 0.06}","{""momo"": 0.2, ""regime"": 0.4, ""timesfm"": 0.0, ""trend"": 0.2}",0.70_sample_0.30_diag,5.0,,1.0555266954473363,0.9967354113074728,Leave-one-out TimesFM ablation.,,,,,,,,,,,,,
2026-04-20T03:11:34.223212+00:00,saa_minimum_variance,,,,,,,,,0.5621926771016753,,SAA method comparison row for minimum_variance.,,,,,,,,,,,,,
2026-04-20T03:11:34.223212+00:00,saa_mean_variance,,,,,,,,,0.5086834659978052,,SAA method comparison row for mean_variance.,,,,,,,,,,,,,
2026-04-20T03:11:34.223212+00:00,saa_maximum_diversification,,,,,,,,,0.5050454319031291,,SAA method comparison row for maximum_diversification.,,,,,,,,,,,,,
2026-04-20T03:11:34.223212+00:00,saa_inverse_vol,,,,,,,,,0.4897429226444331,,SAA method comparison row for inverse_vol.,,,,,,,,,,,,,
2026-04-20T03:11:34.223212+00:00,saa_risk_parity,,,,,,,,,0.4737136129257712,,SAA method comparison row for risk_parity.,,,,,,,,,,,,,
,,,,,,,,,,,,Pipeline run summary row for the SAA+TAA portfolio. run_id=timesfm_regime_dd.,timesfm_regime_dd_20260420T031136.511107+0000_timesfm_vb100,2026-04-20T03:11:36.511107+00:00,1.0,0.1,5.0,2003-01-01,2025-12-31,0.1351719082824125,0.1040433856377918,-0.2755830043681949,1.1069604048003838,1.6236258851497818,0.4904943561099109
2026-04-20T03:17:30.313423+00:00,taa_baseline,3.0,200.0,1|3|6|12,"{""momo_scale"": 0.06, ""regime_scale"": 0.1, ""timesfm_scale"": ""mu_ann"", ""trend_scale"": 0.06}","{""momo"": 0.2, ""regime"": 0.4, ""timesfm"": 0.2, ""trend"": 0.2}",0.70_sample_0.30_diag,5.0,,1.2058497869793914,0.9995962114707172,Baseline signal ensemble.,,,,,,,,,,,,,
2026-04-20T03:17:30.313423+00:00,taa_no_regime,3.0,200.0,1|3|6|12,"{""momo_scale"": 0.06, ""regime_scale"": 0.1, ""timesfm_scale"": ""mu_ann"", ""trend_scale"": 0.06}","{""momo"": 0.2, ""regime"": 0.0, ""timesfm"": 0.2, ""trend"": 0.2}",0.70_sample_0.30_diag,5.0,,1.2061035494448644,0.9996010000628248,Leave-one-out regime ablation.,,,,,,,,,,,,,
2026-04-20T03:17:30.313423+00:00,taa_no_trend,3.0,200.0,1|3|6|12,"{""momo_scale"": 0.06, ""regime_scale"": 0.1, ""timesfm_scale"": ""mu_ann"", ""trend_scale"": 0.06}","{""momo"": 0.2, ""regime"": 0.4, ""timesfm"": 0.2, ""trend"": 0.0}",0.70_sample_0.30_diag,5.0,,1.2117644363696969,0.9996398392473894,Leave-one-out trend ablation.,,,,,,,,,,,,,
2026-04-20T03:17:30.313423+00:00,taa_no_momo,3.0,200.0,1|3|6|12,"{""momo_scale"": 0.06, ""regime_scale"": 0.1, ""timesfm_scale"": ""mu_ann"", ""trend_scale"": 0.06}","{""momo"": 0.0, ""regime"": 0.4, ""timesfm"": 0.2, ""trend"": 0.2}",0.70_sample_0.30_diag,5.0,,1.2011409512568243,0.9995696534045814,Leave-one-out ADM ablation.,,,,,,,,,,,,,
2026-04-20T03:17:30.313423+00:00,taa_no_timesfm,3.0,200.0,1|3|6|12,"{""momo_scale"": 0.06, ""regime_scale"": 0.1, ""timesfm_scale"": ""mu_ann"", ""trend_scale"": 0.06}","{""momo"": 0.2, ""regime"": 0.4, ""timesfm"": 0.0, ""trend"": 0.2}",0.70_sample_0.30_diag,5.0,,1.1077355192905385,0.9984545523224226,Leave-one-out TimesFM ablation.,,,,,,,,,,,,,
2026-04-20T03:17:30.313423+00:00,saa_minimum_variance,,,,,,,,,0.5621926771016753,,SAA method comparison row for minimum_variance.,,,,,,,,,,,,,
2026-04-20T03:17:30.313423+00:00,saa_mean_variance,,,,,,,,,0.5086834659978052,,SAA method comparison row for mean_variance.,,,,,,,,,,,,,
2026-04-20T03:17:30.313423+00:00,saa_maximum_diversification,,,,,,,,,0.5050454319031291,,SAA method comparison row for maximum_diversification.,,,,,,,,,,,,,
2026-04-20T03:17:30.313423+00:00,saa_inverse_vol,,,,,,,,,0.4897429226444331,,SAA method comparison row for inverse_vol.,,,,,,,,,,,,,
2026-04-20T03:17:30.313423+00:00,saa_risk_parity,,,,,,,,,0.4737136129257712,,SAA method comparison row for risk_parity.,,,,,,,,,,,,,
,,,,,,,,,,,,Pipeline run summary row for the SAA+TAA portfolio. run_id=taa_project.,taa_project_20260420T031732.601024+0000_timesfm_vb080,2026-04-20T03:17:32.601024+00:00,1.0,0.08,5.0,2003-01-01,2025-12-31,0.1379457339783512,0.0978112989295298,-0.2746073631039061,1.2058497869793914,1.755759822855954,0.502338074329621
2026-04-20T20:01:53.767982+00:00,taa_baseline,3.0,200.0,1|3|6|12,"{""momo_scale"": 0.06, ""regime_scale"": 0.1, ""timesfm_scale"": ""mu_ann"", ""trend_scale"": 0.06}","{""momo"": 0.2, ""regime"": 0.4, ""timesfm"": 0.2, ""trend"": 0.2}",0.70_sample_0.30_diag,5.0,,1.1066560967737438,0.9983302524791148,Baseline signal ensemble. Baseline run used --no-timesfm.,,,,,,,,,,,,,
2026-04-20T20:01:53.767982+00:00,taa_no_regime,3.0,200.0,1|3|6|12,"{""momo_scale"": 0.06, ""regime_scale"": 0.1, ""timesfm_scale"": ""mu_ann"", ""trend_scale"": 0.06}","{""momo"": 0.2, ""regime"": 0.0, ""timesfm"": 0.2, ""trend"": 0.2}",0.70_sample_0.30_diag,5.0,,1.099294031961799,0.9981437114753732,Leave-one-out regime ablation.,,,,,,,,,,,,,
2026-04-20T20:01:53.767982+00:00,taa_no_trend,3.0,200.0,1|3|6|12,"{""momo_scale"": 0.06, ""regime_scale"": 0.1, ""timesfm_scale"": ""mu_ann"", ""trend_scale"": 0.06}","{""momo"": 0.2, ""regime"": 0.4, ""timesfm"": 0.2, ""trend"": 0.0}",0.70_sample_0.30_diag,5.0,,1.1450867310571151,0.9989689422395924,Leave-one-out trend ablation.,,,,,,,,,,,,,
2026-04-20T20:01:53.767982+00:00,taa_no_momo,3.0,200.0,1|3|6|12,"{""momo_scale"": 0.06, ""regime_scale"": 0.1, ""timesfm_scale"": ""mu_ann"", ""trend_scale"": 0.06}","{""momo"": 0.0, ""regime"": 0.4, ""timesfm"": 0.2, ""trend"": 0.2}",0.70_sample_0.30_diag,5.0,,1.1221240554613996,0.9988160559208772,Leave-one-out ADM ablation.,,,,,,,,,,,,,
2026-04-20T20:01:53.767982+00:00,saa_minimum_variance,,,,,,,,,0.5621926771016753,,SAA method comparison row for minimum_variance.,,,,,,,,,,,,,
2026-04-20T20:01:53.767982+00:00,saa_mean_variance,,,,,,,,,0.5086834659978052,,SAA method comparison row for mean_variance.,,,,,,,,,,,,,
2026-04-20T20:01:53.767982+00:00,saa_maximum_diversification,,,,,,,,,0.5050454319031291,,SAA method comparison row for maximum_diversification.,,,,,,,,,,,,,
2026-04-20T20:01:53.767982+00:00,saa_inverse_vol,,,,,,,,,0.4897429226444331,,SAA method comparison row for inverse_vol.,,,,,,,,,,,,,
2026-04-20T20:01:53.767982+00:00,saa_risk_parity,,,,,,,,,0.4737136129257712,,SAA method comparison row for risk_parity.,,,,,,,,,,,,,
,,,,,,,,,,,,Pipeline run summary row for the SAA+TAA portfolio. run_id=tmp.,tmp_20260420T200159.489321+0000_no_timesfm_vb100,2026-04-20T20:01:59.489321+00:00,0.0,0.1,5.0,2003-01-01,2025-12-31,0.1442214245990221,0.1122493473457267,-0.3150906035504397,1.1066560967737438,1.65111336464843,0.4577141399138394
2026-04-20T20:23:20.792922+00:00,taa_baseline,3.0,200.0,1|3|6|12,"{""momo_scale"": 0.06, ""regime_scale"": 0.1, ""timesfm_scale"": ""mu_ann"", ""trend_scale"": 0.06}","{""momo"": 0.2, ""regime"": 0.4, ""timesfm"": 0.2, ""trend"": 0.2}",0.70_sample_0.30_diag,5.0,,1.1066560967737438,0.9982220672740733,Baseline signal ensemble. Baseline run used --no-timesfm.,,,,,,,,,,,,,
2026-04-20T20:23:20.792922+00:00,taa_no_regime,3.0,200.0,1|3|6|12,"{""momo_scale"": 0.06, ""regime_scale"": 0.1, ""timesfm_scale"": ""mu_ann"", ""trend_scale"": 0.06}","{""momo"": 0.2, ""regime"": 0.0, ""timesfm"": 0.2, ""trend"": 0.2}",0.70_sample_0.30_diag,5.0,,1.099294031961799,0.9980246211067224,Leave-one-out regime ablation.,,,,,,,,,,,,,
2026-04-20T20:23:20.792922+00:00,taa_no_trend,3.0,200.0,1|3|6|12,"{""momo_scale"": 0.06, ""regime_scale"": 0.1, ""timesfm_scale"": ""mu_ann"", ""trend_scale"": 0.06}","{""momo"": 0.2, ""regime"": 0.4, ""timesfm"": 0.2, ""trend"": 0.0}",0.70_sample_0.30_diag,5.0,,1.1450867310571151,0.9988992142108192,Leave-one-out trend ablation.,,,,,,,,,,,,,
2026-04-20T20:23:20.792922+00:00,taa_no_momo,3.0,200.0,1|3|6|12,"{""momo_scale"": 0.06, ""regime_scale"": 0.1, ""timesfm_scale"": ""mu_ann"", ""trend_scale"": 0.06}","{""momo"": 0.0, ""regime"": 0.4, ""timesfm"": 0.2, ""trend"": 0.2}",0.70_sample_0.30_diag,5.0,,1.1221240554613996,0.9987369401460016,Leave-one-out ADM ablation.,,,,,,,,,,,,,
2026-04-20T20:23:20.792922+00:00,saa_minimum_variance,,,,,,,,,0.5621926771016753,,SAA method comparison row for minimum_variance.,,,,,,,,,,,,,
2026-04-20T20:23:20.792922+00:00,saa_mean_variance,,,,,,,,,0.5086834659978052,,SAA method comparison row for mean_variance.,,,,,,,,,,,,,
2026-04-20T20:23:20.792922+00:00,saa_maximum_diversification,,,,,,,,,0.5050454319031291,,SAA method comparison row for maximum_diversification.,,,,,,,,,,,,,
2026-04-20T20:23:20.792922+00:00,saa_inverse_vol,,,,,,,,,0.4897429226444331,,SAA method comparison row for inverse_vol.,,,,,,,,,,,,,
2026-04-20T20:23:20.792922+00:00,saa_hrp,,,,,,,,,0.4761080279771744,,SAA method comparison row for hrp.,,,,,,,,,,,,,
2026-04-20T20:23:20.792922+00:00,saa_risk_parity,,,,,,,,,0.4737136129257712,,SAA method comparison row for risk_parity.,,,,,,,,,,,,,
,,,,,,,,,,,,Pipeline run summary row for the SAA+TAA portfolio. run_id=tmp.,tmp_20260420T202322.950342+0000_no_timesfm_vb100,2026-04-20T20:23:22.950342+00:00,0.0,0.1,5.0,2003-01-01,2025-12-31,0.1442214245990221,0.1122493473457267,-0.3150906035504397,1.1066560967737438,1.65111336464843,0.4577141399138394
2026-04-20T22:01:24.984813+00:00,taa_baseline,3.0,200.0,1|3|6|12,"{""momo_scale"": 0.06, ""regime_scale"": 0.1, ""timesfm_scale"": ""mu_ann"", ""trend_scale"": 0.06}","{""momo"": 0.2, ""regime"": 0.4, ""timesfm"": 0.2, ""trend"": 0.2}",0.70_sample_0.30_diag,5.0,,1.1066560967737438,0.9981147666479872,Baseline signal ensemble. Baseline run used --no-timesfm.,,,,,,,,,,,,,
2026-04-20T22:01:24.984813+00:00,taa_no_regime,3.0,200.0,1|3|6|12,"{""momo_scale"": 0.06, ""regime_scale"": 0.1, ""timesfm_scale"": ""mu_ann"", ""trend_scale"": 0.06}","{""momo"": 0.2, ""regime"": 0.0, ""timesfm"": 0.2, ""trend"": 0.2}",0.70_sample_0.30_diag,5.0,,1.0992940319617963,0.9979065782784096,Leave-one-out regime ablation.,,,,,,,,,,,,,
2026-04-20T22:01:24.984813+00:00,taa_no_trend,3.0,200.0,1|3|6|12,"{""momo_scale"": 0.06, ""regime_scale"": 0.1, ""timesfm_scale"": ""mu_ann"", ""trend_scale"": 0.06}","{""momo"": 0.2, ""regime"": 0.4, ""timesfm"": 0.2, ""trend"": 0.0}",0.70_sample_0.30_diag,5.0,,1.145086731057115,0.9988298642946094,Leave-one-out trend ablation.,,,,,,,,,,,,,
2026-04-20T22:01:24.984813+00:00,taa_no_momo,3.0,200.0,1|3|6|12,"{""momo_scale"": 0.06, ""regime_scale"": 0.1, ""timesfm_scale"": ""mu_ann"", ""trend_scale"": 0.06}","{""momo"": 0.0, ""regime"": 0.4, ""timesfm"": 0.2, ""trend"": 0.2}",0.70_sample_0.30_diag,5.0,,1.1221240554614011,0.9986583150239134,Leave-one-out ADM ablation.,,,,,,,,,,,,,
2026-04-20T22:01:24.984813+00:00,saa_minimum_variance,,,,,,,,,0.5621926746511999,,SAA method comparison row for minimum_variance.,,,,,,,,,,,,,
2026-04-20T22:01:24.984813+00:00,saa_mean_variance,,,,,,,,,0.5086834719137887,,SAA method comparison row for mean_variance.,,,,,,,,,,,,,
2026-04-20T22:01:24.984813+00:00,saa_maximum_diversification,,,,,,,,,0.5050454331351816,,SAA method comparison row for maximum_diversification.,,,,,,,,,,,,,
2026-04-20T22:01:24.984813+00:00,saa_inverse_vol,,,,,,,,,0.4897429265437147,,SAA method comparison row for inverse_vol.,,,,,,,,,,,,,
2026-04-20T22:01:24.984813+00:00,saa_hrp,,,,,,,,,0.4761080313069689,,SAA method comparison row for hrp.,,,,,,,,,,,,,
2026-04-20T22:01:24.984813+00:00,saa_risk_parity,,,,,,,,,0.4737136128056998,,SAA method comparison row for risk_parity.,,,,,,,,,,,,,
,,,,,,,,,,,,Pipeline run summary row for the SAA+TAA portfolio. run_id=tmp.,tmp_20260420T220127.011805+0000_no_timesfm_vb100,2026-04-20T22:01:27.011805+00:00,0.0,0.1,5.0,2003-01-01,2025-12-31,0.1442214245990221,0.1122493473457267,-0.3150906035504397,1.1066560967737438,1.65111336464843,0.4577141399138394
2026-04-20T22:44:22.773463+00:00,taa_baseline,3.0,200.0,1|3|6|12,"{""momo_scale"": 0.06, ""regime_scale"": 0.1, ""timesfm_scale"": ""mu_ann"", ""trend_scale"": 0.06}","{""momo"": 0.2, ""regime"": 0.4, ""timesfm"": 0.2, ""trend"": 0.2}",0.70_sample_0.30_diag,5.0,,1.1066560967737438,0.9980179923127508,Baseline signal ensemble. Baseline run used --no-timesfm.,,,,,,,,,,,,,
2026-04-20T22:44:22.773463+00:00,taa_no_regime,3.0,200.0,1|3|6|12,"{""momo_scale"": 0.06, ""regime_scale"": 0.1, ""timesfm_scale"": ""mu_ann"", ""trend_scale"": 0.06}","{""momo"": 0.2, ""regime"": 0.0, ""timesfm"": 0.2, ""trend"": 0.2}",0.70_sample_0.30_diag,5.0,,1.099294031961799,0.9978001753720754,Leave-one-out regime ablation.,,,,,,,,,,,,,
2026-04-20T22:44:22.773463+00:00,taa_no_trend,3.0,200.0,1|3|6|12,"{""momo_scale"": 0.06, ""regime_scale"": 0.1, ""timesfm_scale"": ""mu_ann"", ""trend_scale"": 0.06}","{""momo"": 0.2, ""regime"": 0.4, ""timesfm"": 0.2, ""trend"": 0.0}",0.70_sample_0.30_diag,5.0,,1.1450867310571151,0.9987671615366224,Leave-one-out trend ablation.,,,,,,,,,,,,,
2026-04-20T22:44:22.773463+00:00,taa_no_momo,3.0,200.0,1|3|6|12,"{""momo_scale"": 0.06, ""regime_scale"": 0.1, ""timesfm_scale"": ""mu_ann"", ""trend_scale"": 0.06}","{""momo"": 0.0, ""regime"": 0.4, ""timesfm"": 0.2, ""trend"": 0.2}",0.70_sample_0.30_diag,5.0,,1.1221240554613996,0.998587276154019,Leave-one-out ADM ablation.,,,,,,,,,,,,,
2026-04-20T22:44:22.773463+00:00,saa_minimum_variance,,,,,,,,,0.5621926771016753,,SAA method comparison row for minimum_variance.,,,,,,,,,,,,,
2026-04-20T22:44:22.773463+00:00,saa_mean_variance,,,,,,,,,0.5086834659978052,,SAA method comparison row for mean_variance.,,,,,,,,,,,,,
2026-04-20T22:44:22.773463+00:00,saa_maximum_diversification,,,,,,,,,0.5050454319031291,,SAA method comparison row for maximum_diversification.,,,,,,,,,,,,,
2026-04-20T22:44:22.773463+00:00,saa_inverse_vol,,,,,,,,,0.4897429226444331,,SAA method comparison row for inverse_vol.,,,,,,,,,,,,,
2026-04-20T22:44:22.773463+00:00,saa_risk_parity,,,,,,,,,0.4737136129257712,,SAA method comparison row for risk_parity.,,,,,,,,,,,,,
,,,,,,,,,,,,Pipeline run summary row for the SAA+TAA portfolio. run_id=baseline.,baseline_20260420T224424.963486+0000_no_timesfm_vb100,2026-04-20T22:44:24.963486+00:00,0.0,0.1,5.0,2003-01-01,2025-12-31,0.1442214245990221,0.1122493473457267,-0.3150906035504397,1.1066560967737438,1.65111336464843,0.4577141399138394
2026-04-20T22:48:02.721907+00:00,taa_baseline,3.0,200.0,1|3|6|12,"{""momo_scale"": 0.06, ""regime_scale"": 0.1, ""timesfm_scale"": ""mu_ann"", ""trend_scale"": 0.06}","{""momo"": 0.2, ""regime"": 0.4, ""timesfm"": 0.2, ""trend"": 0.2}",0.70_sample_0.30_diag,5.0,,0.7203632697947668,0.8521780602688864,Baseline signal ensemble.,,,,,,,,,,,,,
2026-04-20T22:48:02.721907+00:00,taa_no_regime,3.0,200.0,1|3|6|12,"{""momo_scale"": 0.06, ""regime_scale"": 0.1, ""timesfm_scale"": ""mu_ann"", ""trend_scale"": 0.06}","{""momo"": 0.2, ""regime"": 0.0, ""timesfm"": 0.2, ""trend"": 0.2}",0.70_sample_0.30_diag,5.0,,0.7203599652842471,0.8521740257341364,Leave-one-out regime ablation.,,,,,,,,,,,,,
2026-04-20T22:48:02.721907+00:00,taa_no_trend,3.0,200.0,1|3|6|12,"{""momo_scale"": 0.06, ""regime_scale"": 0.1, ""timesfm_scale"": ""mu_ann"", ""trend_scale"": 0.06}","{""momo"": 0.2, ""regime"": 0.4, ""timesfm"": 0.2, ""trend"": 0.0}",0.70_sample_0.30_diag,5.0,,0.7202990847211586,0.8521018407077263,Leave-one-out trend ablation.,,,,,,,,,,,,,
2026-04-20T22:48:02.721907+00:00,taa_no_momo,3.0,200.0,1|3|6|12,"{""momo_scale"": 0.06, ""regime_scale"": 0.1, ""timesfm_scale"": ""mu_ann"", ""trend_scale"": 0.06}","{""momo"": 0.0, ""regime"": 0.4, ""timesfm"": 0.2, ""trend"": 0.2}",0.70_sample_0.30_diag,5.0,,0.7203129011473702,0.8521189583906923,Leave-one-out ADM ablation.,,,,,,,,,,,,,
2026-04-20T22:48:02.721907+00:00,taa_no_timesfm,3.0,200.0,1|3|6|12,"{""momo_scale"": 0.06, ""regime_scale"": 0.1, ""timesfm_scale"": ""mu_ann"", ""trend_scale"": 0.06}","{""momo"": 0.2, ""regime"": 0.4, ""timesfm"": 0.0, ""trend"": 0.2}",0.70_sample_0.30_diag,5.0,,1.1066560967737438,0.9979123890849418,Leave-one-out TimesFM ablation.,,,,,,,,,,,,,
2026-04-20T22:48:02.721907+00:00,saa_minimum_variance,,,,,,,,,0.5621926771016753,,SAA method comparison row for minimum_variance.,,,,,,,,,,,,,
2026-04-20T22:48:02.721907+00:00,saa_mean_variance,,,,,,,,,0.5086834659978052,,SAA method comparison row for mean_variance.,,,,,,,,,,,,,
2026-04-20T22:48:02.721907+00:00,saa_maximum_diversification,,,,,,,,,0.5050454319031291,,SAA method comparison row for maximum_diversification.,,,,,,,,,,,,,
2026-04-20T22:48:02.721907+00:00,saa_inverse_vol,,,,,,,,,0.4897429226444331,,SAA method comparison row for inverse_vol.,,,,,,,,,,,,,
2026-04-20T22:48:02.721907+00:00,saa_risk_parity,,,,,,,,,0.4737136129257712,,SAA method comparison row for risk_parity.,,,,,,,,,,,,,
,,,,,,,,,,,,Pipeline run summary row for the SAA+TAA portfolio. run_id=timesfm_vb10.,timesfm_vb10_20260420T224805.168635+0000_timesfm_vb100,2026-04-20T22:48:05.168635+00:00,1.0,0.1,5.0,2003-01-01,2025-12-31,0.0570139813322065,0.0513823828673996,-0.1662587856951369,0.7203632697947668,1.0776720096719474,0.3429231188825784
2026-04-20T22:51:37.884207+00:00,taa_baseline,3.0,200.0,1|3|6|12,"{""momo_scale"": 0.06, ""regime_scale"": 0.1, ""timesfm_scale"": ""mu_ann"", ""trend_scale"": 0.06}","{""momo"": 0.2, ""regime"": 0.4, ""timesfm"": 0.2, ""trend"": 0.2}",0.70_sample_0.30_diag,5.0,,0.7241997871095319,0.8534095328074076,Baseline signal ensemble.,,,,,,,,,,,,,
2026-04-20T22:51:37.884207+00:00,taa_no_regime,3.0,200.0,1|3|6|12,"{""momo_scale"": 0.06, ""regime_scale"": 0.1, ""timesfm_scale"": ""mu_ann"", ""trend_scale"": 0.06}","{""momo"": 0.2, ""regime"": 0.0, ""timesfm"": 0.2, ""trend"": 0.2}",0.70_sample_0.30_diag,5.0,,0.7241967724364848,0.8534058523256096,Leave-one-out regime ablation.,,,,,,,,,,,,,
2026-04-20T22:51:37.884207+00:00,taa_no_trend,3.0,200.0,1|3|6|12,"{""momo_scale"": 0.06, ""regime_scale"": 0.1, ""timesfm_scale"": ""mu_ann"", ""trend_scale"": 0.06}","{""momo"": 0.2, ""regime"": 0.4, ""timesfm"": 0.2, ""trend"": 0.0}",0.70_sample_0.30_diag,5.0,,0.7241359175810914,0.8533340390091565,Leave-one-out trend ablation.,,,,,,,,,,,,,
2026-04-20T22:51:37.884207+00:00,taa_no_momo,3.0,200.0,1|3|6|12,"{""momo_scale"": 0.06, ""regime_scale"": 0.1, ""timesfm_scale"": ""mu_ann"", ""trend_scale"": 0.06}","{""momo"": 0.0, ""regime"": 0.4, ""timesfm"": 0.2, ""trend"": 0.2}",0.70_sample_0.30_diag,5.0,,0.7241497676297435,0.8533511322362921,Leave-one-out ADM ablation.,,,,,,,,,,,,,
2026-04-20T22:51:37.884207+00:00,taa_no_timesfm,3.0,200.0,1|3|6|12,"{""momo_scale"": 0.06, ""regime_scale"": 0.1, ""timesfm_scale"": ""mu_ann"", ""trend_scale"": 0.06}","{""momo"": 0.2, ""regime"": 0.4, ""timesfm"": 0.0, ""trend"": 0.2}",0.70_sample_0.30_diag,5.0,,1.1077355192905385,0.9978417923577104,Leave-one-out TimesFM ablation.,,,,,,,,,,,,,
2026-04-20T22:51:37.884207+00:00,saa_minimum_variance,,,,,,,,,0.5621926771016753,,SAA method comparison row for minimum_variance.,,,,,,,,,,,,,
2026-04-20T22:51:37.884207+00:00,saa_mean_variance,,,,,,,,,0.5086834659978052,,SAA method comparison row for mean_variance.,,,,,,,,,,,,,
2026-04-20T22:51:37.884207+00:00,saa_maximum_diversification,,,,,,,,,0.5050454319031291,,SAA method comparison row for maximum_diversification.,,,,,,,,,,,,,
2026-04-20T22:51:37.884207+00:00,saa_inverse_vol,,,,,,,,,0.4897429226444331,,SAA method comparison row for inverse_vol.,,,,,,,,,,,,,
2026-04-20T22:51:37.884207+00:00,saa_risk_parity,,,,,,,,,0.4737136129257712,,SAA method comparison row for risk_parity.,,,,,,,,,,,,,
,,,,,,,,,,,,Pipeline run summary row for the SAA+TAA portfolio. run_id=timesfm_vb08.,timesfm_vb08_20260420T225140.332592+0000_timesfm_vb080,2026-04-20T22:51:40.332592+00:00,1.0,0.08,5.0,2003-01-01,2025-12-31,0.0570469310996719,0.0511556779760124,-0.166258788706666,0.7241997871095319,1.0845564187655083,0.3431212962841988
2026-04-20T22:55:13.646763+00:00,taa_baseline,3.0,200.0,1|3|6|12,"{""momo_scale"": 0.06, ""regime_scale"": 0.1, ""timesfm_scale"": ""mu_ann"", ""trend_scale"": 0.06}","{""momo"": 0.2, ""regime"": 0.4, ""timesfm"": 0.2, ""trend"": 0.2}",0.70_sample_0.30_diag,5.0,,0.7243698452988654,0.8501987431500655,Baseline signal ensemble.,,,,,,,,,,,,,
2026-04-20T22:55:13.646763+00:00,taa_no_regime,3.0,200.0,1|3|6|12,"{""momo_scale"": 0.06, ""regime_scale"": 0.1, ""timesfm_scale"": ""mu_ann"", ""trend_scale"": 0.06}","{""momo"": 0.2, ""regime"": 0.0, ""timesfm"": 0.2, ""trend"": 0.2}",0.70_sample_0.30_diag,5.0,,0.7243665511918425,0.8501946753337148,Leave-one-out regime ablation.,,,,,,,,,,,,,
2026-04-20T22:55:13.646763+00:00,taa_no_trend,3.0,200.0,1|3|6|12,"{""momo_scale"": 0.06, ""regime_scale"": 0.1, ""timesfm_scale"": ""mu_ann"", ""trend_scale"": 0.06}","{""momo"": 0.2, ""regime"": 0.4, ""timesfm"": 0.2, ""trend"": 0.0}",0.70_sample_0.30_diag,5.0,,0.7243063437305761,0.8501225862753933,Leave-one-out trend ablation.,,,,,,,,,,,,,
2026-04-20T22:55:13.646763+00:00,taa_no_momo,3.0,200.0,1|3|6|12,"{""momo_scale"": 0.06, ""regime_scale"": 0.1, ""timesfm_scale"": ""mu_ann"", ""trend_scale"": 0.06}","{""momo"": 0.0, ""regime"": 0.4, ""timesfm"": 0.2, ""trend"": 0.2}",0.70_sample_0.30_diag,5.0,,0.7243197426464908,0.8501393910478068,Leave-one-out ADM ablation.,,,,,,,,,,,,,
2026-04-20T22:55:13.646763+00:00,taa_no_timesfm,3.0,200.0,1|3|6|12,"{""momo_scale"": 0.06, ""regime_scale"": 0.1, ""timesfm_scale"": ""mu_ann"", ""trend_scale"": 0.06}","{""momo"": 0.2, ""regime"": 0.4, ""timesfm"": 0.0, ""trend"": 0.2}",0.70_sample_0.30_diag,5.0,,1.1182679131520414,0.9980314326089068,Leave-one-out TimesFM ablation.,,,,,,,,,,,,,
2026-04-20T22:55:13.646763+00:00,saa_minimum_variance,,,,,,,,,0.5621926771016753,,SAA method comparison row for minimum_variance.,,,,,,,,,,,,,
2026-04-20T22:55:13.646763+00:00,saa_mean_variance,,,,,,,,,0.5086834659978052,,SAA method comparison row for mean_variance.,,,,,,,,,,,,,
2026-04-20T22:55:13.646763+00:00,saa_maximum_diversification,,,,,,,,,0.5050454319031291,,SAA method comparison row for maximum_diversification.,,,,,,,,,,,,,
2026-04-20T22:55:13.646763+00:00,saa_inverse_vol,,,,,,,,,0.4897429226444331,,SAA method comparison row for inverse_vol.,,,,,,,,,,,,,
2026-04-20T22:55:13.646763+00:00,saa_risk_parity,,,,,,,,,0.4737136129257712,,SAA method comparison row for risk_parity.,,,,,,,,,,,,,
,,,,,,,,,,,,Pipeline run summary row for the SAA+TAA portfolio. run_id=timesfm_vb07.,timesfm_vb07_20260420T225516.011886+0000_timesfm_vb070,2026-04-20T22:55:16.011886+00:00,1.0,0.07,5.0,2003-01-01,2025-12-31,0.0570549296320792,0.0511547103631721,-0.1662587897713614,0.7243698452988654,1.0848144580776895,0.3431694030164722
2026-04-20T22:58:52.768638+00:00,taa_baseline,3.0,200.0,1|3|6|12,"{""momo_scale"": 0.06, ""regime_scale"": 0.1, ""timesfm_scale"": ""mu_ann"", ""trend_scale"": 0.06}","{""momo"": 0.2, ""regime"": 0.4, ""timesfm"": 0.2, ""trend"": 0.2}",0.70_sample_0.30_diag,5.0,,0.7209677207356083,0.8424568621191477,Baseline signal ensemble.,,,,,,,,,,,,,
2026-04-20T22:58:52.768638+00:00,taa_no_regime,3.0,200.0,1|3|6|12,"{""momo_scale"": 0.06, ""regime_scale"": 0.1, ""timesfm_scale"": ""mu_ann"", ""trend_scale"": 0.06}","{""momo"": 0.2, ""regime"": 0.0, ""timesfm"": 0.2, ""trend"": 0.2}",0.70_sample_0.30_diag,5.0,,0.7209645687751433,0.8424528421977631,Leave-one-out regime ablation.,,,,,,,,,,,,,
2026-04-20T22:58:52.768638+00:00,taa_no_trend,3.0,200.0,1|3|6|12,"{""momo_scale"": 0.06, ""regime_scale"": 0.1, ""timesfm_scale"": ""mu_ann"", ""trend_scale"": 0.06}","{""momo"": 0.2, ""regime"": 0.4, ""timesfm"": 0.2, ""trend"": 0.0}",0.70_sample_0.30_diag,5.0,,0.7209039128981966,0.8423778250666099,Leave-one-out trend ablation.,,,,,,,,,,,,,
2026-04-20T22:58:52.768638+00:00,taa_no_momo,3.0,200.0,1|3|6|12,"{""momo_scale"": 0.06, ""regime_scale"": 0.1, ""timesfm_scale"": ""mu_ann"", ""trend_scale"": 0.06}","{""momo"": 0.0, ""regime"": 0.4, ""timesfm"": 0.2, ""trend"": 0.2}",0.70_sample_0.30_diag,5.0,,0.7209178284436653,0.8423958021865574,Leave-one-out ADM ablation.,,,,,,,,,,,,,
2026-04-20T22:58:52.768638+00:00,taa_no_timesfm,3.0,200.0,1|3|6|12,"{""momo_scale"": 0.06, ""regime_scale"": 0.1, ""timesfm_scale"": ""mu_ann"", ""trend_scale"": 0.06}","{""momo"": 0.2, ""regime"": 0.4, ""timesfm"": 0.0, ""trend"": 0.2}",0.70_sample_0.30_diag,5.0,,1.0738026765210764,0.996181486426966,Leave-one-out TimesFM ablation.,,,,,,,,,,,,,
2026-04-20T22:58:52.768638+00:00,saa_minimum_variance,,,,,,,,,0.5621926771016753,,SAA method comparison row for minimum_variance.,,,,,,,,,,,,,
2026-04-20T22:58:52.768638+00:00,saa_mean_variance,,,,,,,,,0.5086834659978052,,SAA method comparison row for mean_variance.,,,,,,,,,,,,,
2026-04-20T22:58:52.768638+00:00,saa_maximum_diversification,,,,,,,,,0.5050454319031291,,SAA method comparison row for maximum_diversification.,,,,,,,,,,,,,
2026-04-20T22:58:52.768638+00:00,saa_inverse_vol,,,,,,,,,0.4897429226444331,,SAA method comparison row for inverse_vol.,,,,,,,,,,,,,
2026-04-20T22:58:52.768638+00:00,saa_risk_parity,,,,,,,,,0.4737136129257712,,SAA method comparison row for risk_parity.,,,,,,,,,,,,,
,,,,,,,,,,,,Pipeline run summary row for the SAA+TAA portfolio. run_id=timesfm_regime_vb.,timesfm_regime_vb_20260420T225855.052322+0000_timesfm_vb100,2026-04-20T22:58:55.052322+00:00,1.0,0.1,5.0,2003-01-01,2025-12-31,0.0570387710381483,0.0513736884091807,-0.1659474563011215,0.7209677207356083,1.0786173788080144,0.3437158502426703
2026-04-20T23:21:50.281582+00:00,taa_baseline,3.0,200.0,1|3|6|12,"{""momo_scale"": 0.06, ""regime_scale"": 0.1, ""timesfm_scale"": ""mu_ann"", ""trend_scale"": 0.06}","{""momo"": 0.2, ""regime"": 0.4, ""timesfm"": 0.2, ""trend"": 0.2}",0.70_sample_0.30_diag,5.0,,0.7209675161612236,0.839207166248326,Baseline signal ensemble.,,,,,,,,,,,,,
2026-04-20T23:21:50.281582+00:00,taa_no_regime,3.0,200.0,1|3|6|12,"{""momo_scale"": 0.06, ""regime_scale"": 0.1, ""timesfm_scale"": ""mu_ann"", ""trend_scale"": 0.06}","{""momo"": 0.2, ""regime"": 0.0, ""timesfm"": 0.2, ""trend"": 0.2}",0.70_sample_0.30_diag,5.0,,0.7209643443234562,0.8392030668786306,Leave-one-out regime ablation.,,,,,,,,,,,,,
2026-04-20T23:21:50.281582+00:00,taa_no_trend,3.0,200.0,1|3|6|12,"{""momo_scale"": 0.06, ""regime_scale"": 0.1, ""timesfm_scale"": ""mu_ann"", ""trend_scale"": 0.06}","{""momo"": 0.2, ""regime"": 0.4, ""timesfm"": 0.2, ""trend"": 0.0}",0.70_sample_0.30_diag,5.0,,0.7209040640374413,0.8391275103790641,Leave-one-out trend ablation.,,,,,,,,,,,,,
2026-04-20T23:21:50.281582+00:00,taa_no_momo,3.0,200.0,1|3|6|12,"{""momo_scale"": 0.06, ""regime_scale"": 0.1, ""timesfm_scale"": ""mu_ann"", ""trend_scale"": 0.06}","{""momo"": 0.0, ""regime"": 0.4, ""timesfm"": 0.2, ""trend"": 0.2}",0.70_sample_0.30_diag,5.0,,0.7209178470876989,0.8391455636859524,Leave-one-out ADM ablation.,,,,,,,,,,,,,
2026-04-20T23:21:50.281582+00:00,taa_no_timesfm,3.0,200.0,1|3|6|12,"{""momo_scale"": 0.06, ""regime_scale"": 0.1, ""timesfm_scale"": ""mu_ann"", ""trend_scale"": 0.06}","{""momo"": 0.2, ""regime"": 0.4, ""timesfm"": 0.0, ""trend"": 0.2}",0.70_sample_0.30_diag,5.0,,1.0555266954473363,0.9946285813120046,Leave-one-out TimesFM ablation.,,,,,,,,,,,,,
2026-04-20T23:21:50.281582+00:00,saa_minimum_variance,,,,,,,,,0.5621926771016753,,SAA method comparison row for minimum_variance.,,,,,,,,,,,,,
2026-04-20T23:21:50.281582+00:00,saa_mean_variance,,,,,,,,,0.5086834659978052,,SAA method comparison row for mean_variance.,,,,,,,,,,,,,
2026-04-20T23:21:50.281582+00:00,saa_maximum_diversification,,,,,,,,,0.5050454319031291,,SAA method comparison row for maximum_diversification.,,,,,,,,,,,,,
2026-04-20T23:21:50.281582+00:00,saa_inverse_vol,,,,,,,,,0.4897429226444331,,SAA method comparison row for inverse_vol.,,,,,,,,,,,,,
2026-04-20T23:21:50.281582+00:00,saa_risk_parity,,,,,,,,,0.4737136129257712,,SAA method comparison row for risk_parity.,,,,,,,,,,,,,
,,,,,,,,,,,,Pipeline run summary row for the SAA+TAA portfolio. run_id=timesfm_regime_dd.,timesfm_regime_dd_20260420T232152.604046+0000_timesfm_vb100,2026-04-20T23:21:52.604046+00:00,1.0,0.1,5.0,2003-01-01,2025-12-31,0.0570387604302642,0.0513736882730533,-0.1659474546759597,0.7209675161612236,1.0786170618092112,0.3437157896856085
2026-04-20T23:26:25.178120+00:00,taa_baseline,3.0,200.0,1|3|6|12,"{""momo_scale"": 0.06, ""regime_scale"": 0.1, ""timesfm_scale"": ""mu_ann"", ""trend_scale"": 0.06}","{""momo"": 0.2, ""regime"": 0.4, ""timesfm"": 0.2, ""trend"": 0.2}",0.70_sample_0.30_diag,5.0,,0.9884184128946324,0.987571495347678,Baseline signal ensemble.,,,,,,,,,,,,,
2026-04-20T23:26:25.178120+00:00,taa_no_regime,3.0,200.0,1|3|6|12,"{""momo_scale"": 0.06, ""regime_scale"": 0.1, ""timesfm_scale"": ""mu_ann"", ""trend_scale"": 0.06}","{""momo"": 0.2, ""regime"": 0.0, ""timesfm"": 0.2, ""trend"": 0.2}",0.70_sample_0.30_diag,5.0,,0.998878403321628,0.988946029141288,Leave-one-out regime ablation.,,,,,,,,,,,,,
2026-04-20T23:26:25.178120+00:00,taa_no_trend,3.0,200.0,1|3|6|12,"{""momo_scale"": 0.06, ""regime_scale"": 0.1, ""timesfm_scale"": ""mu_ann"", ""trend_scale"": 0.06}","{""momo"": 0.2, ""regime"": 0.4, ""timesfm"": 0.2, ""trend"": 0.0}",0.70_sample_0.30_diag,5.0,,1.0144161761989952,0.9907883236221192,Leave-one-out trend ablation.,,,,,,,,,,,,,
2026-04-20T23:26:25.178120+00:00,taa_no_momo,3.0,200.0,1|3|6|12,"{""momo_scale"": 0.06, ""regime_scale"": 0.1, ""timesfm_scale"": ""mu_ann"", ""trend_scale"": 0.06}","{""momo"": 0.0, ""regime"": 0.4, ""timesfm"": 0.2, ""trend"": 0.2}",0.70_sample_0.30_diag,5.0,,1.021504871930702,0.9916063222452004,Leave-one-out ADM ablation.,,,,,,,,,,,,,
2026-04-20T23:26:25.178120+00:00,taa_no_timesfm,3.0,200.0,1|3|6|12,"{""momo_scale"": 0.06, ""regime_scale"": 0.1, ""timesfm_scale"": ""mu_ann"", ""trend_scale"": 0.06}","{""momo"": 0.2, ""regime"": 0.4, ""timesfm"": 0.0, ""trend"": 0.2}",0.70_sample_0.30_diag,5.0,,0.8123110953433521,0.9182245490706928,Leave-one-out TimesFM ablation.,,,,,,,,,,,,,
2026-04-20T23:26:25.178120+00:00,saa_minimum_variance,,,,,,,,,0.5621926771016753,,SAA method comparison row for minimum_variance.,,,,,,,,,,,,,
2026-04-20T23:26:25.178120+00:00,saa_mean_variance,,,,,,,,,0.5086834659978052,,SAA method comparison row for mean_variance.,,,,,,,,,,,,,
2026-04-20T23:26:25.178120+00:00,saa_maximum_diversification,,,,,,,,,0.5050454319031291,,SAA method comparison row for maximum_diversification.,,,,,,,,,,,,,
2026-04-20T23:26:25.178120+00:00,saa_inverse_vol,,,,,,,,,0.4897429226444331,,SAA method comparison row for inverse_vol.,,,,,,,,,,,,,
2026-04-20T23:26:25.178120+00:00,saa_risk_parity,,,,,,,,,0.4737136129257712,,SAA method comparison row for risk_parity.,,,,,,,,,,,,,
,,,,,,,,,,,,Pipeline run summary row for the SAA+TAA portfolio. run_id=cvar95_vb_2_5.,cvar95_vb_2_5_20260420T232627.430397+0000_timesfm_vb100,2026-04-20T23:26:27.430397+00:00,1.0,0.1,5.0,2003-01-01,2025-12-31,0.1550455969549371,0.1366279656400262,-0.3148252113028366,0.9884184128946324,1.4477083906022334,0.4924815147850269
2026-04-20T23:31:01.547146+00:00,taa_baseline,3.0,200.0,1|3|6|12,"{""momo_scale"": 0.06, ""regime_scale"": 0.1, ""timesfm_scale"": ""mu_ann"", ""trend_scale"": 0.06}","{""momo"": 0.2, ""regime"": 0.4, ""timesfm"": 0.2, ""trend"": 0.2}",0.70_sample_0.30_diag,5.0,,0.9885406470606372,0.9872900157633896,Baseline signal ensemble.,,,,,,,,,,,,,
2026-04-20T23:31:01.547146+00:00,taa_no_regime,3.0,200.0,1|3|6|12,"{""momo_scale"": 0.06, ""regime_scale"": 0.1, ""timesfm_scale"": ""mu_ann"", ""trend_scale"": 0.06}","{""momo"": 0.2, ""regime"": 0.0, ""timesfm"": 0.2, ""trend"": 0.2}",0.70_sample_0.30_diag,5.0,,0.9934717821854884,0.9879265770770432,Leave-one-out regime ablation.,,,,,,,,,,,,,
2026-04-20T23:31:01.547146+00:00,taa_no_trend,3.0,200.0,1|3|6|12,"{""momo_scale"": 0.06, ""regime_scale"": 0.1, ""timesfm_scale"": ""mu_ann"", ""trend_scale"": 0.06}","{""momo"": 0.2, ""regime"": 0.4, ""timesfm"": 0.2, ""trend"": 0.0}",0.70_sample_0.30_diag,5.0,,1.0106934271944932,0.9901131859856755,Leave-one-out trend ablation.,,,,,,,,,,,,,
2026-04-20T23:31:01.547146+00:00,taa_no_momo,3.0,200.0,1|3|6|12,"{""momo_scale"": 0.06, ""regime_scale"": 0.1, ""timesfm_scale"": ""mu_ann"", ""trend_scale"": 0.06}","{""momo"": 0.0, ""regime"": 0.4, ""timesfm"": 0.2, ""trend"": 0.2}",0.70_sample_0.30_diag,5.0,,1.012328612525651,0.9903802176632288,Leave-one-out ADM ablation.,,,,,,,,,,,,,
2026-04-20T23:31:01.547146+00:00,taa_no_timesfm,3.0,200.0,1|3|6|12,"{""momo_scale"": 0.06, ""regime_scale"": 0.1, ""timesfm_scale"": ""mu_ann"", ""trend_scale"": 0.06}","{""momo"": 0.2, ""regime"": 0.4, ""timesfm"": 0.0, ""trend"": 0.2}",0.70_sample_0.30_diag,5.0,,0.7541626649006766,0.8667189860188634,Leave-one-out TimesFM ablation.,,,,,,,,,,,,,
2026-04-20T23:31:01.547146+00:00,saa_minimum_variance,,,,,,,,,0.5621926771016753,,SAA method comparison row for minimum_variance.,,,,,,,,,,,,,
2026-04-20T23:31:01.547146+00:00,saa_mean_variance,,,,,,,,,0.5086834659978052,,SAA method comparison row for mean_variance.,,,,,,,,,,,,,
2026-04-20T23:31:01.547146+00:00,saa_maximum_diversification,,,,,,,,,0.5050454319031291,,SAA method comparison row for maximum_diversification.,,,,,,,,,,,,,
2026-04-20T23:31:01.547146+00:00,saa_inverse_vol,,,,,,,,,0.4897429226444331,,SAA method comparison row for inverse_vol.,,,,,,,,,,,,,
2026-04-20T23:31:01.547146+00:00,saa_risk_parity,,,,,,,,,0.4737136129257712,,SAA method comparison row for risk_parity.,,,,,,,,,,,,,
,,,,,,,,,,,,Pipeline run summary row for the SAA+TAA portfolio. run_id=cvar99_vb_4_0.,cvar99_vb_4_0_20260420T233103.888524+0000_timesfm_vb100,2026-04-20T23:31:03.888524+00:00,1.0,0.1,5.0,2003-01-01,2025-12-31,0.1542284494714689,0.1357844514240145,-0.3148252113023797,0.9885406470606372,1.450541349573462,0.489885955554358
2026-04-20T23:41:59.113032+00:00,taa_baseline,3.0,200.0,1|3|6|12,"{""momo_scale"": 0.06, ""regime_scale"": 0.1, ""timesfm_scale"": ""mu_ann"", ""trend_scale"": 0.06}","{""momo"": 0.2, ""regime"": 0.4, ""timesfm"": 0.2, ""trend"": 0.2}",0.70_sample_0.30_diag,5.0,,0.8189589392323331,0.9148721276418426,Baseline signal ensemble.,,,,,,,,,,,,,
2026-04-20T23:41:59.113032+00:00,taa_no_regime,3.0,200.0,1|3|6|12,"{""momo_scale"": 0.06, ""regime_scale"": 0.1, ""timesfm_scale"": ""mu_ann"", ""trend_scale"": 0.06}","{""momo"": 0.2, ""regime"": 0.0, ""timesfm"": 0.2, ""trend"": 0.2}",0.70_sample_0.30_diag,5.0,,0.8189581160546728,0.9148713177084632,Leave-one-out regime ablation.,,,,,,,,,,,,,
2026-04-20T23:41:59.113032+00:00,taa_no_trend,3.0,200.0,1|3|6|12,"{""momo_scale"": 0.06, ""regime_scale"": 0.1, ""timesfm_scale"": ""mu_ann"", ""trend_scale"": 0.06}","{""momo"": 0.2, ""regime"": 0.4, ""timesfm"": 0.2, ""trend"": 0.0}",0.70_sample_0.30_diag,5.0,,0.818944857153406,0.9148596536889732,Leave-one-out trend ablation.,,,,,,,,,,,,,
2026-04-20T23:41:59.113032+00:00,taa_no_momo,3.0,200.0,1|3|6|12,"{""momo_scale"": 0.06, ""regime_scale"": 0.1, ""timesfm_scale"": ""mu_ann"", ""trend_scale"": 0.06}","{""momo"": 0.0, ""regime"": 0.4, ""timesfm"": 0.2, ""trend"": 0.2}",0.70_sample_0.30_diag,5.0,,0.8189398691505895,0.9148570202508164,Leave-one-out ADM ablation.,,,,,,,,,,,,,
2026-04-20T23:41:59.113032+00:00,taa_no_timesfm,3.0,200.0,1|3|6|12,"{""momo_scale"": 0.06, ""regime_scale"": 0.1, ""timesfm_scale"": ""mu_ann"", ""trend_scale"": 0.06}","{""momo"": 0.2, ""regime"": 0.4, ""timesfm"": 0.0, ""trend"": 0.2}",0.70_sample_0.30_diag,5.0,,1.0121919197855958,0.9881818192211616,Leave-one-out TimesFM ablation.,,,,,,,,,,,,,
2026-04-20T23:41:59.113032+00:00,saa_minimum_variance,,,,,,,,,0.5621926771016753,,SAA method comparison row for minimum_variance.,,,,,,,,,,,,,
2026-04-20T23:41:59.113032+00:00,saa_mean_variance,,,,,,,,,0.5086834659978052,,SAA method comparison row for mean_variance.,,,,,,,,,,,,,
2026-04-20T23:41:59.113032+00:00,saa_maximum_diversification,,,,,,,,,0.5050454319031291,,SAA method comparison row for maximum_diversification.,,,,,,,,,,,,,
2026-04-20T23:41:59.113032+00:00,saa_inverse_vol,,,,,,,,,0.4897429226444331,,SAA method comparison row for inverse_vol.,,,,,,,,,,,,,
2026-04-20T23:41:59.113032+00:00,saa_risk_parity,,,,,,,,,0.4737136129257712,,SAA method comparison row for risk_parity.,,,,,,,,,,,,,
,,,,,,,,,,,,Pipeline run summary row for the SAA+TAA portfolio. run_id=nested_risk_default.,nested_risk_default_20260420T234201.294512+0000_timesfm_vb100,2026-04-20T23:42:01.294512+00:00,1.0,0.1,5.0,2003-01-01,2025-12-31,0.0749599712862425,0.067109556600921,-0.2397100894801331,0.8189589392323331,1.1899545922871466,0.3127109561754809
2026-04-20T23:53:00.035490+00:00,taa_baseline,3.0,200.0,1|3|6|12,"{""momo_scale"": 0.06, ""regime_scale"": 0.1, ""timesfm_scale"": ""mu_ann"", ""trend_scale"": 0.06}","{""momo"": 0.2, ""regime"": 0.4, ""timesfm"": 0.2, ""trend"": 0.2}",0.70_sample_0.30_diag,5.0,,0.9535975491028562,0.9776099260153932,Baseline signal ensemble.,,,,,,,,,,,,,
2026-04-20T23:53:00.035490+00:00,taa_no_regime,3.0,200.0,1|3|6|12,"{""momo_scale"": 0.06, ""regime_scale"": 0.1, ""timesfm_scale"": ""mu_ann"", ""trend_scale"": 0.06}","{""momo"": 0.2, ""regime"": 0.0, ""timesfm"": 0.2, ""trend"": 0.2}",0.70_sample_0.30_diag,5.0,,0.9535975491028562,0.9776099260153932,Leave-one-out regime ablation.,,,,,,,,,,,,,
2026-04-20T23:53:00.035490+00:00,taa_no_trend,3.0,200.0,1|3|6|12,"{""momo_scale"": 0.06, ""regime_scale"": 0.1, ""timesfm_scale"": ""mu_ann"", ""trend_scale"": 0.06}","{""momo"": 0.2, ""regime"": 0.4, ""timesfm"": 0.2, ""trend"": 0.0}",0.70_sample_0.30_diag,5.0,,0.9535975491028562,0.9776099260153932,Leave-one-out trend ablation.,,,,,,,,,,,,,
2026-04-20T23:53:00.035490+00:00,taa_no_momo,3.0,200.0,1|3|6|12,"{""momo_scale"": 0.06, ""regime_scale"": 0.1, ""timesfm_scale"": ""mu_ann"", ""trend_scale"": 0.06}","{""momo"": 0.0, ""regime"": 0.4, ""timesfm"": 0.2, ""trend"": 0.2}",0.70_sample_0.30_diag,5.0,,0.9535975491028562,0.9776099260153932,Leave-one-out ADM ablation.,,,,,,,,,,,,,
2026-04-20T23:53:00.035490+00:00,taa_no_timesfm,3.0,200.0,1|3|6|12,"{""momo_scale"": 0.06, ""regime_scale"": 0.1, ""timesfm_scale"": ""mu_ann"", ""trend_scale"": 0.06}","{""momo"": 0.2, ""regime"": 0.4, ""timesfm"": 0.0, ""trend"": 0.2}",0.70_sample_0.30_diag,5.0,,0.9535975491028562,0.9776099260153932,Leave-one-out TimesFM ablation.,,,,,,,,,,,,,
2026-04-20T23:53:00.035490+00:00,saa_minimum_variance,,,,,,,,,0.5621926771016753,,SAA method comparison row for minimum_variance.,,,,,,,,,,,,,
2026-04-20T23:53:00.035490+00:00,saa_mean_variance,,,,,,,,,0.5086834659978052,,SAA method comparison row for mean_variance.,,,,,,,,,,,,,
2026-04-20T23:53:00.035490+00:00,saa_maximum_diversification,,,,,,,,,0.5050454319031291,,SAA method comparison row for maximum_diversification.,,,,,,,,,,,,,
2026-04-20T23:53:00.035490+00:00,saa_inverse_vol,,,,,,,,,0.4897429226444331,,SAA method comparison row for inverse_vol.,,,,,,,,,,,,,
2026-04-20T23:53:00.035490+00:00,saa_risk_parity,,,,,,,,,0.4737136129257712,,SAA method comparison row for risk_parity.,,,,,,,,,,,,,
,,,,,,,,,,,,Pipeline run summary row for the SAA+TAA portfolio. run_id=nested_risk_cvar.,nested_risk_cvar_20260420T235302.296394+0000_timesfm_vb100,2026-04-20T23:53:02.296394+00:00,1.0,0.1,5.0,2003-01-01,2025-12-31,0.1285984376920645,0.1138828825579867,-0.3454603446293383,0.9535975491028562,1.3913207743439906,0.372252386391973
2026-04-20T23:56:54.269674+00:00,taa_baseline,3.0,200.0,1|3|6|12,"{""momo_scale"": 0.06, ""regime_scale"": 0.1, ""timesfm_scale"": ""mu_ann"", ""trend_scale"": 0.06}","{""momo"": 0.2, ""regime"": 0.4, ""timesfm"": 0.2, ""trend"": 0.2}",0.70_sample_0.30_diag,5.0,,0.7203632697947668,0.823318135727052,Baseline signal ensemble.,,,,,,,,,,,,,
2026-04-20T23:56:54.269674+00:00,taa_no_regime,3.0,200.0,1|3|6|12,"{""momo_scale"": 0.06, ""regime_scale"": 0.1, ""timesfm_scale"": ""mu_ann"", ""trend_scale"": 0.06}","{""momo"": 0.2, ""regime"": 0.0, ""timesfm"": 0.2, ""trend"": 0.2}",0.70_sample_0.30_diag,5.0,,0.7203599652842471,0.8233136040600526,Leave-one-out regime ablation.,,,,,,,,,,,,,
2026-04-20T23:56:54.269674+00:00,taa_no_trend,3.0,200.0,1|3|6|12,"{""momo_scale"": 0.06, ""regime_scale"": 0.1, ""timesfm_scale"": ""mu_ann"", ""trend_scale"": 0.06}","{""momo"": 0.2, ""regime"": 0.4, ""timesfm"": 0.2, ""trend"": 0.0}",0.70_sample_0.30_diag,5.0,,0.7202990847211586,0.8232325260259608,Leave-one-out trend ablation.,,,,,,,,,,,,,
2026-04-20T23:56:54.269674+00:00,taa_no_momo,3.0,200.0,1|3|6|12,"{""momo_scale"": 0.06, ""regime_scale"": 0.1, ""timesfm_scale"": ""mu_ann"", ""trend_scale"": 0.06}","{""momo"": 0.0, ""regime"": 0.4, ""timesfm"": 0.2, ""trend"": 0.2}",0.70_sample_0.30_diag,5.0,,0.7203129011473702,0.8232517522931057,Leave-one-out ADM ablation.,,,,,,,,,,,,,
2026-04-20T23:56:54.269674+00:00,taa_no_timesfm,3.0,200.0,1|3|6|12,"{""momo_scale"": 0.06, ""regime_scale"": 0.1, ""timesfm_scale"": ""mu_ann"", ""trend_scale"": 0.06}","{""momo"": 0.2, ""regime"": 0.4, ""timesfm"": 0.0, ""trend"": 0.2}",0.70_sample_0.30_diag,5.0,,1.1066560967737438,0.9969916937609642,Leave-one-out TimesFM ablation.,,,,,,,,,,,,,
2026-04-20T23:56:54.269674+00:00,saa_minimum_variance,,,,,,,,,0.5621926771016753,,SAA method comparison row for minimum_variance.,,,,,,,,,,,,,
2026-04-20T23:56:54.269674+00:00,saa_mean_variance,,,,,,,,,0.5086834659978052,,SAA method comparison row for mean_variance.,,,,,,,,,,,,,
2026-04-20T23:56:54.269674+00:00,saa_maximum_diversification,,,,,,,,,0.5050454319031291,,SAA method comparison row for maximum_diversification.,,,,,,,,,,,,,
2026-04-20T23:56:54.269674+00:00,saa_inverse_vol,,,,,,,,,0.4897429226444331,,SAA method comparison row for inverse_vol.,,,,,,,,,,,,,
2026-04-20T23:56:54.269674+00:00,saa_hrp,,,,,,,,,0.4761080279771744,,SAA method comparison row for hrp.,,,,,,,,,,,,,
2026-04-20T23:56:54.269674+00:00,saa_risk_parity,,,,,,,,,0.4737136129257712,,SAA method comparison row for risk_parity.,,,,,,,,,,,,,
,,,,,,,,,,,,Pipeline run summary row for the SAA+TAA portfolio. run_id=hrp_saa.,hrp_saa_20260420T235656.847510+0000_timesfm_vb100,2026-04-20T23:56:56.847510+00:00,1.0,0.1,5.0,2003-01-01,2025-12-31,0.0570139813322065,0.0513823828673996,-0.1662587856951369,0.7203632697947668,1.0776720096719474,0.3429231188825784
2026-04-21T00:00:33.902457+00:00,taa_baseline,3.0,200.0,1|3|6|12,"{""momo_scale"": 0.06, ""regime_scale"": 0.1, ""timesfm_scale"": ""mu_ann"", ""trend_scale"": 0.06}","{""momo"": 0.2, ""regime"": 0.4, ""timesfm"": 0.2, ""trend"": 0.2}",0.70_sample_0.30_diag,5.0,,0.7440820756431928,0.8509235299048528,Baseline signal ensemble.,,,,,,,,,,,,,
2026-04-21T00:00:33.902457+00:00,taa_no_regime,3.0,200.0,1|3|6|12,"{""momo_scale"": 0.06, ""regime_scale"": 0.1, ""timesfm_scale"": ""mu_ann"", ""trend_scale"": 0.06}","{""momo"": 0.2, ""regime"": 0.0, ""timesfm"": 0.2, ""trend"": 0.2}",0.70_sample_0.30_diag,5.0,,0.7440805394674336,0.8509216439329728,Leave-one-out regime ablation.,,,,,,,,,,,,,
2026-04-21T00:00:33.902457+00:00,taa_no_trend,3.0,200.0,1|3|6|12,"{""momo_scale"": 0.06, ""regime_scale"": 0.1, ""timesfm_scale"": ""mu_ann"", ""trend_scale"": 0.06}","{""momo"": 0.2, ""regime"": 0.4, ""timesfm"": 0.2, ""trend"": 0.0}",0.70_sample_0.30_diag,5.0,,0.7440508796291367,0.8508862497856302,Leave-one-out trend ablation.,,,,,,,,,,,,,
2026-04-21T00:00:33.902457+00:00,taa_no_momo,3.0,200.0,1|3|6|12,"{""momo_scale"": 0.06, ""regime_scale"": 0.1, ""timesfm_scale"": ""mu_ann"", ""trend_scale"": 0.06}","{""momo"": 0.0, ""regime"": 0.4, ""timesfm"": 0.2, ""trend"": 0.2}",0.70_sample_0.30_diag,5.0,,0.7440585372458498,0.8508958091315995,Leave-one-out ADM ablation.,,,,,,,,,,,,,
2026-04-21T00:00:33.902457+00:00,taa_no_timesfm,3.0,200.0,1|3|6|12,"{""momo_scale"": 0.06, ""regime_scale"": 0.1, ""timesfm_scale"": ""mu_ann"", ""trend_scale"": 0.06}","{""momo"": 0.2, ""regime"": 0.4, ""timesfm"": 0.0, ""trend"": 0.2}",0.70_sample_0.30_diag,5.0,,1.0781588214502884,0.9951731798209948,Leave-one-out TimesFM ablation.,,,,,,,,,,,,,
2026-04-21T00:00:33.902457+00:00,saa_minimum_variance,,,,,,,,,0.5621926771016753,,SAA method comparison row for minimum_variance.,,,,,,,,,,,,,
2026-04-21T00:00:33.902457+00:00,saa_mean_variance,,,,,,,,,0.5086834659978052,,SAA method comparison row for mean_variance.,,,,,,,,,,,,,
2026-04-21T00:00:33.902457+00:00,saa_maximum_diversification,,,,,,,,,0.5050454319031291,,SAA method comparison row for maximum_diversification.,,,,,,,,,,,,,
2026-04-21T00:00:33.902457+00:00,saa_inverse_vol,,,,,,,,,0.4897429226444331,,SAA method comparison row for inverse_vol.,,,,,,,,,,,,,
2026-04-21T00:00:33.902457+00:00,saa_risk_parity,,,,,,,,,0.4737136129257712,,SAA method comparison row for risk_parity.,,,,,,,,,,,,,
,,,,,,,,,,,,Pipeline run summary row for the SAA+TAA portfolio. run_id=bl_stress_full.,bl_stress_full_20260421T000036.806646+0000_timesfm_vb100,2026-04-21T00:00:36.806646+00:00,1.0,0.1,5.0,2003-01-01,2025-12-31,0.0580450108843546,0.0511301268095567,-0.166144457121423,0.7440820756431928,1.115466630107528,0.3493647148392904
2026-04-21T00:05:04.185116+00:00,taa_baseline,3.0,200.0,1|3|6|12,"{""momo_scale"": 0.06, ""regime_scale"": 0.1, ""timesfm_scale"": ""mu_ann"", ""trend_scale"": 0.06}","{""momo"": 0.2, ""regime"": 0.4, ""timesfm"": 0.2, ""trend"": 0.2}",0.70_sample_0.30_diag,5.0,,0.7440820756431928,0.8485716226775666,Baseline signal ensemble.,,,,,,,,,,,,,
2026-04-21T00:05:04.185116+00:00,taa_no_regime,3.0,200.0,1|3|6|12,"{""momo_scale"": 0.06, ""regime_scale"": 0.1, ""timesfm_scale"": ""mu_ann"", ""trend_scale"": 0.06}","{""momo"": 0.2, ""regime"": 0.0, ""timesfm"": 0.2, ""trend"": 0.2}",0.70_sample_0.30_diag,5.0,,0.7440805394674336,0.8485697169277258,Leave-one-out regime ablation.,,,,,,,,,,,,,
2026-04-21T00:05:04.185116+00:00,taa_no_trend,3.0,200.0,1|3|6|12,"{""momo_scale"": 0.06, ""regime_scale"": 0.1, ""timesfm_scale"": ""mu_ann"", ""trend_scale"": 0.06}","{""momo"": 0.2, ""regime"": 0.4, ""timesfm"": 0.2, ""trend"": 0.0}",0.70_sample_0.30_diag,5.0,,0.7440508796291367,0.8485339516351373,Leave-one-out trend ablation.,,,,,,,,,,,,,
2026-04-21T00:05:04.185116+00:00,taa_no_momo,3.0,200.0,1|3|6|12,"{""momo_scale"": 0.06, ""regime_scale"": 0.1, ""timesfm_scale"": ""mu_ann"", ""trend_scale"": 0.06}","{""momo"": 0.0, ""regime"": 0.4, ""timesfm"": 0.2, ""trend"": 0.2}",0.70_sample_0.30_diag,5.0,,0.7440585372458498,0.8485436112155933,Leave-one-out ADM ablation.,,,,,,,,,,,,,
2026-04-21T00:05:04.185116+00:00,taa_no_timesfm,3.0,200.0,1|3|6|12,"{""momo_scale"": 0.06, ""regime_scale"": 0.1, ""timesfm_scale"": ""mu_ann"", ""trend_scale"": 0.06}","{""momo"": 0.2, ""regime"": 0.4, ""timesfm"": 0.0, ""trend"": 0.2}",0.70_sample_0.30_diag,5.0,,1.0781588214502884,0.9950301344111596,Leave-one-out TimesFM ablation.,,,,,,,,,,,,,
2026-04-21T00:05:04.185116+00:00,saa_minimum_variance,,,,,,,,,0.5621926771016753,,SAA method comparison row for minimum_variance.,,,,,,,,,,,,,
2026-04-21T00:05:04.185116+00:00,saa_mean_variance,,,,,,,,,0.5086834659978052,,SAA method comparison row for mean_variance.,,,,,,,,,,,,,
2026-04-21T00:05:04.185116+00:00,saa_maximum_diversification,,,,,,,,,0.5050454319031291,,SAA method comparison row for maximum_diversification.,,,,,,,,,,,,,
2026-04-21T00:05:04.185116+00:00,saa_inverse_vol,,,,,,,,,0.4897429226444331,,SAA method comparison row for inverse_vol.,,,,,,,,,,,,,
2026-04-21T00:05:04.185116+00:00,saa_risk_parity,,,,,,,,,0.4737136129257712,,SAA method comparison row for risk_parity.,,,,,,,,,,,,,
,,,,,,,,,,,,Pipeline run summary row for the SAA+TAA portfolio. run_id=bl_stress_full.,bl_stress_full_20260421T000506.359002+0000_timesfm_vb100,2026-04-21T00:05:06.359002+00:00,1.0,0.1,5.0,2003-01-01,2025-12-31,0.0580450108843546,0.0511301268095567,-0.166144457121423,0.7440820756431928,1.115466630107528,0.3493647148392904
2026-04-21T00:34:59.075227+00:00,taa_baseline,3.0,200.0,1|3|6|12,"{""momo_scale"": 0.06, ""regime_scale"": 0.1, ""timesfm_scale"": ""mu_ann"", ""trend_scale"": 0.06}","{""momo"": 0.2, ""regime"": 0.4, ""timesfm"": 0.2, ""trend"": 0.2}",0.70_sample_0.30_diag,5.0,,0.9535975491028562,0.9752202863327466,Baseline signal ensemble.,,,,,,,,,,,,,
2026-04-21T00:34:59.075227+00:00,taa_no_regime,3.0,200.0,1|3|6|12,"{""momo_scale"": 0.06, ""regime_scale"": 0.1, ""timesfm_scale"": ""mu_ann"", ""trend_scale"": 0.06}","{""momo"": 0.2, ""regime"": 0.0, ""timesfm"": 0.2, ""trend"": 0.2}",0.70_sample_0.30_diag,5.0,,0.9535975491028562,0.9752202863327466,Leave-one-out regime ablation.,,,,,,,,,,,,,
2026-04-21T00:34:59.075227+00:00,taa_no_trend,3.0,200.0,1|3|6|12,"{""momo_scale"": 0.06, ""regime_scale"": 0.1, ""timesfm_scale"": ""mu_ann"", ""trend_scale"": 0.06}","{""momo"": 0.2, ""regime"": 0.4, ""timesfm"": 0.2, ""trend"": 0.0}",0.70_sample_0.30_diag,5.0,,0.9535975491028562,0.9752202863327466,Leave-one-out trend ablation.,,,,,,,,,,,,,
2026-04-21T00:34:59.075227+00:00,taa_no_momo,3.0,200.0,1|3|6|12,"{""momo_scale"": 0.06, ""regime_scale"": 0.1, ""timesfm_scale"": ""mu_ann"", ""trend_scale"": 0.06}","{""momo"": 0.0, ""regime"": 0.4, ""timesfm"": 0.2, ""trend"": 0.2}",0.70_sample_0.30_diag,5.0,,0.9535975491028562,0.9752202863327466,Leave-one-out ADM ablation.,,,,,,,,,,,,,
2026-04-21T00:34:59.075227+00:00,taa_no_timesfm,3.0,200.0,1|3|6|12,"{""momo_scale"": 0.06, ""regime_scale"": 0.1, ""timesfm_scale"": ""mu_ann"", ""trend_scale"": 0.06}","{""momo"": 0.2, ""regime"": 0.4, ""timesfm"": 0.0, ""trend"": 0.2}",0.70_sample_0.30_diag,5.0,,0.9535975491028562,0.9752202863327466,Leave-one-out TimesFM ablation.,,,,,,,,,,,,,
2026-04-21T00:34:59.075227+00:00,saa_minimum_variance,,,,,,,,,0.5621926771016753,,SAA method comparison row for minimum_variance.,,,,,,,,,,,,,
2026-04-21T00:34:59.075227+00:00,saa_mean_variance,,,,,,,,,0.5086834659978052,,SAA method comparison row for mean_variance.,,,,,,,,,,,,,
2026-04-21T00:34:59.075227+00:00,saa_maximum_diversification,,,,,,,,,0.5050454319031291,,SAA method comparison row for maximum_diversification.,,,,,,,,,,,,,
2026-04-21T00:34:59.075227+00:00,saa_inverse_vol,,,,,,,,,0.4897429226444331,,SAA method comparison row for inverse_vol.,,,,,,,,,,,,,
2026-04-21T00:34:59.075227+00:00,saa_hrp,,,,,,,,,0.4761080279771744,,SAA method comparison row for hrp.,,,,,,,,,,,,,
2026-04-21T00:34:59.075227+00:00,saa_risk_parity,,,,,,,,,0.4737136129257712,,SAA method comparison row for risk_parity.,,,,,,,,,,,,,
,,,,,,,,,,,,Pipeline run summary row for the SAA+TAA portfolio. run_id=kitchen_sink.,kitchen_sink_20260421T003501.330780+0000_timesfm_vb100,2026-04-21T00:35:01.330780+00:00,1.0,0.1,5.0,2003-01-01,2025-12-31,0.12859843769206458,0.11388288255798674,-0.3454603446293383,0.9535975491028562,1.3913207743439906,0.372252386391973
